t_s,fase,i_cmd_A,i_fb_A,rpm_fb,pos_raw,err
0.0019402030000037485,diam,0.0,0.0,0,31583,0
0.005403692500067336,diam,0.0,0.0004882961516159551,0,31579,0
0.008406931999843437,diam,0.0,0.0004882961516159551,0,31583,0
0.011382495499901779,diam,0.0,0.0,0,31583,0
0.014379708000205937,diam,0.0,0.0,0,31583,0
0.017378706499812324,diam,0.0,0.0,0,31585,0
0.02039528850013994,diam,0.0,-0.0004882961516159551,0,31583,0
0.023395574500000293,diam,0.0,-0.0004882961516159551,0,31581,0
0.026373600999932023,diam,0.0,0.0,0,31581,0
0.029372868500104232,diam,0.0,0.0007324442274239326,0,31581,0
0.032422256500012736,diam,0.0,0.0004882961516159551,0,31581,0
0.03543106100005389,diam,0.0,-0.0004882961516159551,0,31585,0
0.03838319850024163,diam,0.0,0.0,0,31585,0
0.04137461450000046,diam,0.0,0.0,0,31585,0
0.044425872499914476,diam,0.0,-0.0004882961516159551,0,31585,0
0.04742520449985932,diam,0.0,-0.00024414807580797754,0,31585,0
0.05037315749996196,diam,0.0,-0.00024414807580797754,0,31581,0
0.05337353549998625,diam,0.0,-0.0009765923032319102,0,31583,0
0.056463923500132296,diam,0.0,0.0,0,31583,0
0.05996387549998872,diam,0.0,0.0,0,31583,0
0.06337429149994023,diam,0.0,0.0004882961516159551,0,31581,0
0.06637299399994845,diam,0.0,0.0004882961516159551,0,31581,0
0.06947668699990572,diam,0.0,0.0,0,31585,0
0.07297796350007957,diam,0.0,-0.0004882961516159551,0,31583,0
0.07637508299990259,diam,0.0,-0.0004882961516159551,0,31583,0
0.07938938699999198,diam,0.0,0.0,0,31585,0
0.08247312699995746,diam,0.0,-0.0004882961516159551,0,31581,0
0.08595897750001313,diam,0.0,-0.00024414807580797754,0,31585,0
0.08937590200002887,diam,0.0,-0.0014648884548478652,0,31583,0
0.0923767995000162,diam,0.0,-0.0007324442274239326,0,31583,0
0.09538214049985072,diam,0.0,0.0,0,31583,0
0.0983810565001022,diam,0.0,-0.0004882961516159551,0,31583,0
0.10137536050001472,diam,0.0,0.0009765923032319102,0,31581,0
0.10439885949995187,diam,0.0,0.00024414807580797754,0,31585,0
0.10744871950009838,diam,0.0,0.0009765923032319102,0,31585,0
0.1104297734998454,diam,0.0,0.0009765923032319102,0,31583,0
0.1133809119999114,diam,0.0,0.00024414807580797754,0,31583,0
0.11688402200002201,diam,0.0,0.0004882961516159551,0,31581,0
0.12038415899996835,diam,0.0,0.0,0,31581,0
0.12337706550010807,diam,0.0,-0.0014648884548478652,0,31583,0
0.12637514799985183,diam,0.0,0.0,0,31581,0
0.1294466184999692,diam,0.0,0.0004882961516159551,0,31583,0
0.13295004350015915,diam,0.0,-0.0007324442274239326,0,31585,0
0.13637795899990124,diam,0.0,-0.0007324442274239326,0,31583,0
0.1393757355001526,diam,0.0,-0.0007324442274239326,0,31585,0
0.14242577100003473,diam,0.0,0.0,0,31581,0
0.14542587200003254,diam,0.0,0.0,0,31581,0
0.14838088049987164,diam,0.0,0.00024414807580797754,0,31583,0
0.15188784199995098,diam,0.0,0.0004882961516159551,0,31585,0
0.15538432249991274,diam,0.0,0.0,0,31583,0
0.15837785799999438,diam,0.0,0.0,0,31585,0
0.16137667150019297,diam,0.0,0.0,0,31581,0
0.16446447600014835,diam,0.0,0.0004882961516159551,0,31585,0
0.16796972450015346,diam,0.0,0.0,0,31585,0
0.17138434399998914,diam,0.0,-0.00024414807580797754,0,31585,0
0.1743777780000073,diam,0.0,0.0,0,31585,0
0.17738178650006375,diam,0.0,0.0,0,31583,0
0.180383091000067,diam,0.0,0.0,0,31585,0
0.18337801550001132,diam,0.0,-0.00024414807580797754,0,31583,0
0.18637683849988207,diam,0.0,0.0004882961516159551,0,31583,0
0.18942469850003363,diam,0.0,0.0004882961516159551,0,31579,0
0.19242757699998947,diam,0.0,-0.00024414807580797754,0,31583,0
0.19538046449997637,diam,0.0,0.0009765923032319102,0,31583,0
0.19837878800012732,diam,0.0,0.0009765923032319102,0,31585,0
0.2013783049999347,diam,0.0,0.0004882961516159551,0,31585,0
0.20438038699990102,akselerasi,0.3000579851680044,0.0061037018951994385,0,31583,0
0.2073808029999782,akselerasi,0.3000579851680044,0.08838160344248787,0,31585,0
0.21041993150015514,akselerasi,0.3000579851680044,0.11621448408459731,0,31577,0
0.2139574764998997,akselerasi,0.3000579851680044,0.11987670522171698,0,31567,0
0.21745103099988228,akselerasi,0.3000579851680044,0.13013092440565202,0,31545,0
0.22042880750018412,akselerasi,0.3000579851680044,0.130619220557268,0,31528,0
0.2234113619999789,akselerasi,0.3000579851680044,0.12768944364757226,0,31506,0
0.22644939750011872,akselerasi,0.3000579851680044,0.12695699942014832,0,31484,0
0.22953407249997326,akselerasi,0.3000579851680044,0.13013092440565202,0,31450,0
0.23305252499994822,akselerasi,0.3000579851680044,0.13940855128635518,0,31408,0
0.2369683750000604,akselerasi,0.3000579851680044,0.14624469740897855,1,31363,0
0.24040025399995102,akselerasi,0.3000579851680044,0.14819788201544237,1,31327,0
0.24349588199993377,akselerasi,0.3000579851680044,0.14746543778801843,1,31280,0
0.2465811310000845,akselerasi,0.3000579851680044,0.15088351084933013,1,31234,0
0.24997618549991785,akselerasi,0.3000579851680044,0.1567430646687216,1,31185,0
0.25338798950019736,akselerasi,0.3000579851680044,0.15918454542680135,1,31140,0
0.25639140550015327,akselerasi,0.3000579851680044,0.1577196569719535,2,31104,0
0.25989376500001526,akselerasi,0.3000579851680044,0.1577196569719535,2,31033,0
0.2633855695000875,akselerasi,0.3000579851680044,0.15308084353160192,3,30969,0
0.26638259600008496,akselerasi,0.3000579851680044,0.1435590685750908,3,30918,0
0.269388511499983,akselerasi,0.3000579851680044,0.1337931455427717,3,30868,0
0.272891546999972,akselerasi,0.3000579851680044,0.1293984801782281,4,30782,0
0.2763936015001036,akselerasi,0.3000579851680044,0.1325724051637318,5,30697,0
0.2793920450001224,akselerasi,0.3000579851680044,0.14111758781701103,6,30629,0
0.28238196999996035,akselerasi,0.3000579851680044,0.14380321665089876,6,30556,0
0.2858823015001235,akselerasi,0.3000579851680044,0.14648884548478652,7,30443,0
0.2894444855000984,akselerasi,0.3000579851680044,0.1501510666219062,8,30350,0
0.29244664199995896,akselerasi,0.3000579851680044,0.15308084353160192,8,30281,0
0.29538644650006063,akselerasi,0.3000579851680044,0.15820795312356944,10,30217,0
0.2983834174999629,akselerasi,0.3000579851680044,0.1608935819574572,10,30151,0
0.3013829075000558,akselerasi,0.3000579851680044,0.1586962492751854,11,30073,0
0.30440022100015085,akselerasi,0.3000579851680044,0.13989684743797112,12,29953,0
0.30740008049997414,akselerasi,0.3000579851680044,0.12256233405560472,13,29866,0
0.3103895145000024,akselerasi,0.3000579851680044,0.11011078218939788,13,29772,0
0.31339154149986825,akselerasi,0.3000579851680044,0.11572618793298135,14,29672,0
0.31643678099999306,akselerasi,0.3000579851680044,0.1337931455427717,15,29542,0
0.31943462250001176,akselerasi,0.3000579851680044,0.13403729361857966,16,29447,0
0.32238220449994515,akselerasi,0.3000579851680044,0.12085329752494889,16,29335,0
0.3258831850000661,akselerasi,0.3000579851680044,0.10913418988616597,18,29170,0
0.32948115600015626,akselerasi,0.3000579851680044,0.14282662434766685,19,28991,0
0.3329835249999178,akselerasi,0.3000579851680044,0.16943876461073643,20,28812,0
0.3363867640000535,akselerasi,0.3000579851680044,0.17334513382366407,22,28687,0
0.339386217000083,akselerasi,0.3000579851680044,0.1728568376720481,24,28580,0
0.3428864565000822,akselerasi,0.3000579851680044,0.1892147587511826,25,28436,0
0.34640304749996176,akselerasi,0.3000579851680044,0.18457594531083102,27,28278,0
0.3494085190000078,akselerasi,0.3000579851680044,0.15918454542680135,27,28159,0
0.352392952999935,akselerasi,0.3000579851680044,0.14307077242347485,28,28034,0
0.35538710900004844,akselerasi,0.3000579851680044,0.14282662434766685,30,27925,0
0.3584554510000544,akselerasi,0.3000579851680044,0.12793359172338023,31,27756,0
0.36145530149997285,akselerasi,0.3000579851680044,0.097903378398999,31,27611,0
0.36438519850003104,akselerasi,0.3000579851680044,0.09546189764091922,33,27465,0
0.36738541049999185,akselerasi,0.3000579851680044,0.1389202551347392,35,27279,0
0.37039136299995334,akselerasi,0.3000579851680044,0.16846217230750452,35,27103,0
0.3733935195000413,akselerasi,0.3000579851680044,0.18628498184148687,37,26909,0
0.37638762000005954,akselerasi,0.3000579851680044,0.19727164525284585,39,26780,0
0.37938643350003076,akselerasi,0.3000579851680044,0.18750572222052675,40,26636,0
0.38238521049993324,akselerasi,0.3000579851680044,0.15625476851710562,40,26491,0
0.38542673699998886,akselerasi,0.3000579851680044,0.14600054933317058,42,26297,0
0.38842790249987047,akselerasi,0.3000579851680044,0.14429151280251473,44,26139,0
0.3913948829999754,akselerasi,0.3000579851680044,0.10864589373455001,46,25969,0
0.39439603950017954,akselerasi,0.3000579851680044,0.11548203985717338,46,25770,0
0.3973878720000812,akselerasi,0.3000579851680044,0.15967284157841732,48,25590,0
0.4003935465000268,akselerasi,0.3000579851680044,0.17407757805108798,50,25360,0
0.4034053044999837,akselerasi,0.3000579851680044,0.1772515030365917,51,25223,0
0.40639986800010774,akselerasi,0.3000579851680044,0.1794488357188635,51,25042,0
0.4093882745000883,akselerasi,0.3000579851680044,0.1533249916074099,53,24869,0
0.4124310415002128,akselerasi,0.3000579851680044,0.1599169896542253,55,24639,0
0.41543367949998355,akselerasi,0.3000579851680044,0.15088351084933013,57,24480,0
0.41839140100000805,akselerasi,0.3000579851680044,0.09863582262642293,57,24293,0
0.42138968699987345,akselerasi,0.3000579851680044,0.10791344950712607,59,24061,0
0.4243907785000829,akselerasi,0.3000579851680044,0.14404736472670676,61,23861,0
0.4274158975001683,akselerasi,0.3000579851680044,0.15186010315256204,63,23620,0
0.43041476700000203,akselerasi,0.3000579851680044,0.16479995117038485,63,23450,0
0.43339143250000234,akselerasi,0.3000579851680044,0.12549211096530047,65,23234,0
0.43639282050003203,akselerasi,0.3000579851680044,0.11621448408459731,67,23044,0
0.43945236550007394,akselerasi,0.3000579851680044,0.1250038148136845,69,22772,0
0.4424510865001139,akselerasi,0.3000579851680044,0.09375286111026337,69,22548,0
0.4453900205000991,akselerasi,0.3000579851680044,0.15063936277352213,71,22303,0
0.44839084399995954,akselerasi,0.3000579851680044,0.1967833491012299,73,22064,0
0.451391259500042,akselerasi,0.3000579851680044,0.2109439374980926,73,21885,0
0.4543905640000503,akselerasi,0.3000579851680044,0.19116794335764642,75,21616,0
0.4573909514999741,akselerasi,0.3000579851680044,0.16016113773003327,77,21414,0
0.46039232049997736,akselerasi,0.3000579851680044,0.14380321665089876,79,21191,0
0.46339207899995927,akselerasi,0.3000579851680044,0.09106723227637563,79,20966,0
0.46648998500018024,akselerasi,0.3000579851680044,0.14087343974120303,81,20600,0
0.46998744649999935,akselerasi,0.3000579851680044,0.19360942411572618,83,20311,0
0.4733923250000771,akselerasi,0.3000579851680044,0.18897061067537463,85,20101,0
0.47639334299992697,akselerasi,0.3000579851680044,0.12964262825403608,87,19887,0
0.47989358200015886,akselerasi,0.3000579851680044,0.1108432264168218,89,19575,0
0.4834041179999531,akselerasi,0.3000579851680044,0.08520767845698417,92,19208,0
0.4864031630002046,akselerasi,0.3000579851680044,0.17578661458174383,92,18918,0
0.4893927729999632,akselerasi,0.3000579851680044,0.20068971831415755,94,18709,0
0.49239387350007746,akselerasi,0.3000579851680044,0.20899075289162877,96,18480,0
0.4954416504999699,akselerasi,0.3000579851680044,0.16382335886715294,98,18139,0
0.49844071400002576,akselerasi,0.3000579851680044,0.17236854152043216,98,17918,0
0.5013931850000972,akselerasi,0.3000579851680044,0.11108737449262979,100,17619,0
0.5043951195000318,akselerasi,0.3000579851680044,0.15234839930417798,102,17330,0
0.5073953869998604,akselerasi,0.3000579851680044,0.17212439344462416,102,17101,0
0.5104253580000204,akselerasi,0.3000579851680044,0.1564989165929136,104,16769,0
0.5134271255001295,akselerasi,0.3000579851680044,0.11987670522171698,106,16480,0
0.5163969765001184,akselerasi,0.3000579851680044,0.1511276589251381,109,16216,0
0.5193956880000314,akselerasi,0.3000579851680044,0.13647877437665945,109,15939,0
0.5224617424998996,akselerasi,0.3000579851680044,0.1989806817835017,111,15552,0
0.5254615464998551,akselerasi,0.3000579851680044,0.20044557023834955,113,15328,0
0.5283955459999561,akselerasi,0.3000579851680044,0.17041535691396834,115,15019,0
0.5313954060000015,akselerasi,0.3000579851680044,0.16211432233649709,115,14767,0
0.5345035625000492,akselerasi,0.3000579851680044,0.09765923032319102,117,14390,0
0.5380038384998898,akselerasi,0.3000579851680044,0.09887997070223091,119,13985,0
0.5413958279998496,akselerasi,0.3000579851680044,0.119632557145909,122,13718,0
0.5443964660000802,coast,0.0,0.10303048799096652,124,13443,0
0.5473967330001415,coast,0.0,-0.06836146122623371,124,13158,0
0.550395797000192,coast,0.0,-0.1652882473220008,126,12787,0
0.5533957400000418,coast,0.0,-0.10864589373455001,128,12471,0
0.5563969894999445,coast,0.0,-0.04541154210028382,130,12228,0
0.5593971275000058,coast,0.0,-0.026367992187261574,130,11989,0
0.5624310334999336,coast,0.0,-0.08789330729087191,132,11634,0
0.5654312824999579,coast,0.0,-0.04882961516159551,134,11378,0
0.5683976610000627,coast,0.0,-0.08838160344248787,136,11080,0
0.5713976595000076,coast,0.0,-0.0554216132084109,136,10795,0
0.5748976775000756,coast,0.0,-0.029541917172765282,137,10491,0
0.5783966850001434,coast,0.0,-0.10132145146031069,139,10113,0
0.5813970545000302,coast,0.0,-0.10058900723288675,141,9794,0
0.5843983585000387,coast,0.0,-0.052980132450331126,142,9529,0
0.5873984595000366,coast,0.0,-0.010498367259743034,142,9249,0
0.5904875415001243,coast,0.0,0.01879940183721427,144,8920,0
0.5940318274999754,coast,0.0,-0.041261024811548204,145,8532,0
0.5974430114999905,coast,0.0,-0.059083834345530564,147,8246,0
0.6003991494999354,coast,0.0,0.03466902676473281,148,7968,0
0.603399444499928,coast,0.0,0.019531846064638203,148,7708,0
0.6068988505001016,coast,0.0,0.02685628833887753,150,7340,0
0.6103979510000954,coast,0.0,-0.007080294198431349,151,7018,0
0.6133985799999664,coast,0.0,-0.08447523422956023,152,6714,0
0.6164017359999434,coast,0.0,-0.010742515335551012,152,6444,0
0.6199021884999638,coast,0.0,0.02783288064210944,153,6029,0
0.6234218444999442,coast,0.0,0.06567583239234596,154,5676,0
0.6264209265000318,coast,0.0,0.05883968626972259,155,5436,0
0.6293995085000006,coast,0.0,0.029541917172765282,156,5175,0
0.632902452000053,coast,0.0,0.031250953703421125,157,4797,0
0.6364672565000546,coast,0.0,-0.009765923032319102,158,4423,0
0.6394655604999571,coast,0.0,0.021485030671102023,158,4135,0
0.6424001245002273,coast,0.0,0.035157322916348765,159,3915,0
0.64540023450013,coast,0.0,0.03344828638569292,160,3639,0
0.6484017985001174,coast,0.0,0.008056886501663259,160,3326,0
0.6514337510000132,coast,0.0,0.045167394024475845,161,2956,0
0.6544324905000849,coast,0.0,0.06323435163426619,161,2675,0
0.6574009524999838,coast,0.0,0.0925321207312235,162,2406,0
0.6604018680000081,coast,0.0,0.08935819574571978,162,2161,0
0.6634693855000933,coast,0.0,0.046143986327707755,163,1795,0
0.6664687085001333,coast,0.0,0.06494338816492203,164,1562,0
0.6694014575000438,coast,0.0,0.03247169408246101,164,1299,0
0.6729026875000272,coast,0.0,0.03784295175023652,165,923,0
0.6765127235000818,coast,0.0,0.027344584490493484,165,612,0
0.6800129440000546,coast,0.0,-0.017334513382366405,165,244,0
0.6834035449999192,coast,0.0,0.008789330729087191,166,32742,0
0.6864022844999909,coast,0.0,0.04199346903897214,166,32461,0
0.6894023665001896,coast,0.0,0.05175939207129124,167,32189,0
0.6924034950000078,coast,0.0,0.06543168431653798,167,31865,0
0.6954039569998258,coast,0.0,0.06543168431653798,167,31614,0
0.6984029930001725,coast,0.0,0.04541154210028382,168,31339,0
0.701402973499853,coast,0.0,0.09277626880703146,168,31059,0
0.7049041850000322,coast,0.0,0.07739494003112889,168,30713,0
0.7084052950001478,coast,0.0,0.07226783043916135,168,30368,0
0.7114052199999605,coast,0.0,0.047120578630939665,168,30151,0
0.7144038855001327,coast,0.0,0.05371257667775506,169,29898,0
0.7174039399999401,coast,0.0,0.0034180730613116855,169,29652,0
0.7204300500000045,coast,0.0,0.017090365306558428,169,29326,0
0.7234301505000076,coast,0.0,-0.01489303262428663,169,29047,0
0.7264044085000023,coast,0.0,0.05859553819391461,169,28752,0
0.7295565464999072,coast,0.0,0.08325449385052035,169,28521,0
0.7331341379999685,coast,0.0,0.0771507919553209,169,28135,0
0.7364846640000451,coast,0.0,0.04248176519058809,169,27919,0
0.739411552500087,coast,0.0,0.028077028717917417,169,27672,0
0.7424084584999946,coast,0.0,-0.023438215277565844,169,27400,0
0.7455120870001792,coast,0.0,0.04638813440351573,169,27028,0
0.7490133544999935,coast,0.0,0.09887997070223091,169,26731,0
0.7524100475000068,coast,0.0,0.07226783043916135,169,26493,0
0.7554093424998882,coast,0.0,0.03955198828089236,169,26258,0
0.7584140730000399,coast,0.0,0.03198339793084506,169,26026,0
0.7614163125001596,coast,0.0,0.015381328775902585,169,25668,0
0.7644122280000829,coast,0.0,0.061037018951994385,169,25416,0
0.7674118570000701,coast,0.0,0.07300027466658529,169,25190,0
0.7704105684999831,coast,0.0,0.06836146122623371,168,24952,0
0.7734089749999384,coast,0.0,0.03344828638569292,168,24723,0
0.7764103160000104,coast,0.0,0.053956724753563036,168,24431,0
0.7794108245000189,coast,0.0,0.0007324442274239326,168,24174,0
0.7824097955001434,coast,0.0,0.028077028717917417,168,23918,0
0.7854144519999409,coast,0.0,0.03979613635670034,168,23686,0
0.7884475435000695,coast,0.0,0.07202368236335338,167,23410,0
0.7914423109998552,coast,0.0,0.030030213324381237,167,23175,0
0.7944082445001186,coast,0.0,0.027344584490493484,167,22933,0
0.7974080310000318,coast,0.0,0.020508438367870113,167,22701,0
0.800909547999936,coast,0.0,0.025147251808221686,166,22338,0
0.8044094725000832,coast,0.0,0.0793481246375927,166,22023,0
0.8074503515001652,coast,0.0,0.097903378398999,166,21804,0
0.8104497575000096,coast,0.0,0.07422101504562517,166,21584,0
0.8134089790000871,coast,0.0,0.04956205938901944,166,21372,0
0.8169124590001502,coast,0.0,0.03173924985503708,165,21081,0
0.8204934855000374,coast,0.0,0.012695699942014832,165,20718,0
0.8239909470000839,coast,0.0,0.0673848689230018,165,20394,0
0.8274108345001423,coast,0.0,0.08740501113925596,164,20222,0
0.8304102505001083,coast,0.0,0.07373271889400922,164,20016,0
0.8339121655001236,coast,0.0,0.028565324869533372,163,19718,0
0.8374552940001649,coast,0.0,-0.00024414807580797754,163,19385,0
0.8404535150000356,coast,0.0,0.010498367259743034,163,19142,0
0.8434139769999547,coast,0.0,0.07153538621173743,162,18897,0
0.8464110040001742,coast,0.0,0.07593005157628102,162,18696,0
0.8495042339998236,coast,0.0,0.08471938230536821,162,18412,0
0.853005667500156,coast,0.0,0.051026947843867305,162,18131,0
0.85641250950016,coast,0.0,0.07495345927304911,161,17932,0
0.8594126935001896,coast,0.0,0.03173924985503708,161,17704,0
0.8624115905001872,coast,0.0,0.029053621021149327,160,17469,0
0.8654192840001542,coast,0.0,0.06347849971007416,160,17172,0
0.8684230695000679,coast,0.0,0.06567583239234596,160,16998,0
0.871415827499959,coast,0.0,0.06762901699880979,159,16801,0
0.8744127160000517,coast,0.0,0.02661214026306955,159,16555,0
0.8774705204998554,coast,0.0,0.06225775933103427,159,16277,0
0.8804716484999062,coast,0.0,0.040040284432508316,158,16056,0
0.8834138324998548,coast,0.0,0.04272591326639607,158,15839,0
0.8864128590000746,coast,0.0,0.07348857081820125,157,15608,0
0.8895066635000148,coast,0.0,0.07129123813592944,157,15364,0
0.8930078480000248,coast,0.0,0.06152531510361034,157,15081,0
0.8964149115001874,coast,0.0,0.04248176519058809,156,14890,0
0.8994148365002275,coast,0.0,0.06884975737784967,156,14687,0
0.90241374250013,coast,0.0,0.040040284432508316,155,14477,0
0.90550706550016,coast,0.0,0.03295999023407697,155,14192,0
0.9090085455000008,coast,0.0,0.04956205938901944,154,13907,0
0.912415294000084,coast,0.0,0.06054872280037843,154,13734,0
0.915415654500066,coast,0.0,0.06836146122623371,153,13539,0
0.918414634499868,coast,0.0,0.02783288064210944,153,13336,0
0.9214149020001514,coast,0.0,0.05053865169225135,153,13069,0
0.9244160304999696,coast,0.0,0.04956205938901944,152,12877,0
0.9274157980000837,coast,0.0,0.0314951017792291,151,12647,0
0.9304146765000496,coast,0.0,0.07055879390850552,151,12433,0
0.933510694000006,coast,0.0,0.06396679586169011,151,12187,0
0.9370121370000106,coast,0.0,0.08081301309244057,150,11957,0
0.9404164969998874,coast,0.0,0.0576189458906827,150,11738,0
0.9434163294999962,coast,0.0,0.04858546708578753,149,11551,0
0.946415671000068,coast,0.0,0.06567583239234596,149,11382,0
0.9494477344999268,coast,0.0,0.021240882595294046,148,11124,0
0.9524492245000147,coast,0.0,0.03735465559862056,148,10916,0
0.9554177785000775,coast,0.0,0.06176946317941832,147,10721,0
0.9584163145000275,coast,0.0,0.05078279976805933,147,10574,0
0.961483582000028,coast,0.0,0.06494338816492203,146,10347,0
0.9644849235000947,coast,0.0,0.03271584215826899,145,10143,0
0.9674183855001957,coast,0.0,0.025391399884029664,145,9925,0
0.9704169025001192,coast,0.0,0.05883968626972259,145,9743,0
0.9734169850000853,coast,0.0,0.04541154210028382,144,9552,0
0.9764337340000111,coast,0.0,0.0456556901760918,143,9304,0
0.9794556029999058,coast,0.0,0.07055879390850552,143,9105,0
0.982439389000092,coast,0.0,0.054933317056794946,143,8951,0
0.9854178140001295,coast,0.0,0.06176946317941832,142,8803,0
0.9885219979998965,coast,0.0,0.05151524399548326,141,8544,0
0.9920862840001519,coast,0.0,0.054933317056794946,141,8271,0
0.9954835969999749,coast,0.0,0.09106723227637563,140,8097,0
0.998418485000002,coast,0.0,0.06714072084719383,140,7922,0
1.0014184654999099,coast,0.0,0.0456556901760918,139,7753,0
1.0044414550000056,coast,0.0,0.07251197851496934,139,7519,0
1.0074731020001764,coast,0.0,0.055177465132602924,138,7357,0
1.01045604549995,coast,0.0,0.056154057435834834,138,7229,0
1.0134260540000923,coast,0.0,0.07324442274239326,137,7070,0
1.016531895000071,coast,0.0,0.029541917172765282,137,6808,0
1.0200320794999698,coast,0.0,0.041016876735740226,136,6614,0
1.0234216800001832,coast,0.0,0.06762901699880979,135,6384,0
1.026420392000091,coast,0.0,0.04174932096316416,135,6206,0
1.0294207700001152,coast,0.0,0.04370250556962798,134,6037,0
1.032924704000152,coast,0.0,0.0739768669698172,134,5787,0
1.036424999000019,coast,0.0,0.06274605548265023,133,5605,0
1.0394220440000481,coast,0.0,0.07885982848597675,132,5456,0
1.0424205985000299,coast,0.0,0.0783715323343608,132,5300,0
1.045421347499996,coast,0.0,0.054200872829371013,132,5143,0
1.0484226615001262,coast,0.0,0.06030457472457045,131,4978,0
1.0514707434999764,coast,0.0,0.06054872280037843,130,4776,0
1.0544698534999952,coast,0.0,0.02465895565660573,130,4612,0
1.0574217600001248,coast,0.0,0.021240882595294046,129,4451,0
1.0604231659999641,coast,0.0,0.048097170934171575,128,4263,0
1.0634231834999355,coast,0.0,0.049073763237403485,128,4107,0
1.0664373305000936,coast,0.0,0.05664235358745079,128,3931,0
1.0694376725000438,coast,0.0,0.07373271889400922,127,3789,0
1.0724313285002154,coast,0.0,0.060060426648762474,126,3621,0
1.0754331050000019,coast,0.0,0.04638813440351573,125,3444,0
1.0784245204999934,coast,0.0,0.06787316507461776,125,3292,0
1.0814920200000415,coast,0.0,0.06054872280037843,125,3088,0
1.0844953890000397,coast,0.0,0.03540147099215674,124,2940,0
1.0874262400000134,coast,0.0,0.046143986327707755,123,2756,0
1.0904231460001483,coast,0.0,0.07080294198431349,123,2594,0
1.0934234505000404,coast,0.0,0.06518753624073001,122,2450,0
1.096425004999901,coast,0.0,0.05664235358745079,122,2329,0
1.099425217000089,coast,0.0,0.07617419965208899,121,2157,0
1.1024246784998013,coast,0.0,0.0717795342875454,121,2009,0
1.105423862499947,coast,0.0,0.056886501663258766,120,1868,0
1.1084256390001883,coast,0.0,0.06494338816492203,119,1727,0
1.1114260454999112,coast,0.0,0.07910397656178472,119,1599,0
1.1145277944999634,coast,0.0,0.045167394024475845,118,1409,0
1.1180360619998737,coast,0.0,0.019043549913022248,118,1228,0
1.121436264500062,coast,0.0,0.04077272865993225,117,1082,0
1.1244283554999583,coast,0.0,0.05053865169225135,116,935,0
1.127426734499977,coast,0.0,0.040040284432508316,116,814,0
1.1304252239999641,coast,0.0,0.04394665364543596,115,693,0
1.1335251950001748,coast,0.0,0.060060426648762474,114,521,0
1.1370264995000525,coast,0.0,0.042237617114780114,114,327,0
1.1404271549999976,coast,0.0,0.03271584215826899,113,183,0
1.1434274414998526,coast,0.0,0.05664235358745079,113,47,0
1.1464262740000777,coast,0.0,0.06836146122623371,112,32685,0
1.1495265964999817,coast,0.0,0.04150517288735618,111,32500,0
1.1530633639999905,coast,0.0,0.030274361400189215,110,32310,0
1.156533260500055,coast,0.0,0.05053865169225135,109,32160,0
1.1594974074998845,coast,0.0,0.0554216132084109,109,32028,0
1.1624301939998531,coast,0.0,0.04980620746482742,109,31915,0
1.1654305350000413,coast,0.0,0.05127109591967528,108,31815,0
1.1689291175000562,coast,0.0,0.06176946317941832,107,31642,0
1.1729290784999193,coast,0.0,0.047120578630939665,106,31456,0
1.1764870680001422,coast,0.0,0.05273598437452315,105,31270,0
1.1794882525000503,coast,0.0,0.07446516312143316,105,31153,0
1.182430547499962,coast,0.0,0.08008056886501663,105,31034,0
1.1854293425001288,coast,0.0,0.06128116702780236,104,30916,0
1.1884299620001002,coast,0.0,0.040040284432508316,103,30805,0
1.1919298125001205,coast,0.0,0.045167394024475845,102,30643,0
1.1959303295000154,coast,0.0,0.05639820551164281,102,30465,0
1.1994393840000157,coast,0.0,0.0478530228583636,102,30317,0
1.2024378829999023,coast,0.0,0.05029450361644337,101,30222,0
1.2054292149998673,coast,0.0,0.0629902035584582,100,30133,0
1.208430667499897,coast,0.0,0.07202368236335338,99,30024,0
1.2114306569999371,coast,0.0,0.05566576128421888,99,29908,0
1.2144323039999563,coast,0.0,0.031250953703421125,98,29794,0
1.2175457010000628,coast,0.0,0.02465895565660573,98,29644,0
1.2210731630000282,coast,0.0,0.045167394024475845,97,29508,0
1.2245426430001771,coast,0.0,0.041261024811548204,96,29383,0
1.2280231329998514,coast,0.0,0.018555253761406293,95,29217,0
1.2314601314999436,coast,0.0,0.022217474898525956,95,29101,0
1.2344969265000145,coast,0.0,0.039063692129276406,94,28982,0
1.2374983424999755,coast,0.0,0.056154057435834834,94,28845,0
1.2409534890000486,coast,0.0,0.05566576128421888,93,28689,0
1.2445235990001038,coast,0.0,0.05786309396649068,92,28568,0
1.2480440884999098,coast,0.0,0.07251197851496934,91,28445,0
1.2514881979998336,coast,0.0,0.07495345927304911,91,28351,0
1.2544668450000245,coast,0.0,0.06152531510361034,90,28260,0
1.2574458625001625,coast,0.0,0.04272591326639607,90,28161,0
1.2604468429999542,coast,0.0,0.0336924344615009,90,28066,0
1.2639352489998146,coast,0.0,0.03564561906796472,89,27952,0
1.2674483590001273,coast,0.0,0.04297006134220405,88,27833,0
1.2704471724998712,coast,0.0,0.037110507522812586,87,27745,0
1.2734377920000952,coast,0.0,0.023438215277565844,86,27644,0
1.2769412439999996,coast,0.0,0.02587969603564562,86,27491,0
1.2804367430001093,coast,0.0,0.038331247901852473,86,27388,0
1.283446945499918,coast,0.0,0.05664235358745079,85,27231,0
1.2864456115000849,coast,0.0,0.06469924008911405,84,27123,0
1.2894333140000072,coast,0.0,0.06640827661976989,84,27024,0
1.2924412760000905,coast,0.0,0.0717795342875454,84,26942,0
1.295443802500131,coast,0.0,0.07617419965208899,83,26865,0
1.2984873200000493,coast,0.0,0.07812738425855281,82,26767,0
1.3014863930000047,coast,0.0,0.07080294198431349,81,26686,0
1.304436697500023,coast,0.0,0.0554216132084109,81,26593,0
1.3074364555000102,coast,0.0,0.040284432508316294,81,26523,0
1.3104355005000343,coast,0.0,0.03247169408246101,80,26442,0
1.3134903514999223,coast,0.0,0.0336924344615009,79,26336,0
1.3164935075001267,coast,0.0,0.03491317484054079,79,26254,0
1.3194383124998694,coast,0.0,0.027588732566301462,78,26169,0
1.3224359685000309,coast,0.0,0.01782280953398236,77,26087,0
1.325435847000108,coast,0.0,0.008056886501663259,77,25999,0
1.32850441100004,coast,0.0,0.01489303262428663,77,25871,0
1.3315480485000535,coast,0.0,0.02099673451948607,76,25774,0
1.3344818255000064,coast,0.0,0.03540147099215674,75,25690,0
1.3374385925001206,coast,0.0,0.04736472670674764,75,25604,0
1.340938869500178,coast,0.0,0.05737479781487472,74,25491,0
1.3449384325001574,coast,0.0,0.06054872280037843,74,25386,0
1.348438153500183,coast,0.0,0.0686056093020417,73,25306,0
1.3514446800002133,coast,0.0,0.07348857081820125,73,25246,0
1.3544455584999469,coast,0.0,0.07544175542466507,72,25189,0
1.3579393719999189,coast,0.0,0.06616412854396192,71,25086,0
1.3614937874999669,coast,0.0,0.052003540147099216,70,24987,0
1.3644934900000862,coast,0.0,0.04345835749382,70,24918,0
1.3674390539999877,coast,0.0,0.038331247901852473,70,24855,0
1.3704376734999641,coast,0.0,0.040284432508316294,69,24785,0
1.3734448944999258,coast,0.0,0.04345835749382,68,24711,0
1.3764864305001083,coast,0.0,0.04492324594866787,68,24629,0
1.3794794660000207,coast,0.0,0.041261024811548204,67,24567,0
1.3824389285000507,coast,0.0,0.03491317484054079,67,24504,0
1.3854390194999269,coast,0.0,0.02270577105014191,66,24432,0
1.3885172315001455,coast,0.0,0.008301034577471236,66,24338,0
1.392024212000024,coast,0.0,0.005127109591967528,65,24245,0
1.3954490809999243,coast,0.0,0.013428144169438765,65,24174,0
1.3984411354999793,coast,0.0,0.03076265755180517,64,24095,0
1.4014402820000669,coast,0.0,0.04174932096316416,64,24019,0
1.4044630865000727,coast,0.0,0.053956724753563036,63,23926,0
1.4074629839999488,coast,0.0,0.061037018951994385,62,23861,0
1.41044271450005,coast,0.0,0.06909390545365765,62,23804,0
1.4134500185000434,coast,0.0,0.0783715323343608,61,23743,0
1.4164535634999993,coast,0.0,0.08447523422956023,61,23698,0
1.4194846829998369,coast,0.0,0.08325449385052035,60,23636,0
1.4224793209998552,coast,0.0,0.08203375347148045,60,23596,0
1.4254408194999542,coast,0.0,0.08203375347148045,59,23547,0
1.4284420500000579,coast,0.0,0.07593005157628102,59,23501,0
1.4315248919999704,coast,0.0,0.06543168431653798,58,23434,0
1.4350273994998588,coast,0.0,0.05566576128421888,57,23365,0
1.4384443339999962,coast,0.0,0.04272591326639607,57,23312,0
1.4414419070001259,coast,0.0,0.03662221137119663,57,23264,0
1.4444430814999123,coast,0.0,0.036133915219580676,56,23216,0
1.4474430620000476,coast,0.0,0.035157322916348765,55,23149,0
1.45044190349995,coast,0.0,0.034180730613116855,55,23106,0
1.4534491064998747,coast,0.0,0.03686635944700461,54,23053,0
1.4564522624998517,coast,0.0,0.038087099826044496,54,23009,0
1.459445372500113,coast,0.0,0.032227546006653035,53,22968,0
1.4624429455000154,coast,0.0,0.02661214026306955,52,22904,0
1.4654429165000238,coast,0.0,0.02490310373241371,52,22854,0
1.4684439989998737,coast,0.0,0.018311105685598315,52,22805,0
1.4714438495000195,coast,0.0,0.01489303262428663,51,22754,0
1.4744851074999588,coast,0.0,0.0119632557145909,50,22688,0
1.4774879210001473,coast,0.0,0.009521774956511124,50,22635,0
1.480446744000119,coast,0.0,0.004150517288735618,49,22574,0
1.4834455395000532,coast,0.0,0.004394665364543596,49,22521,0
1.4869452049999836,coast,0.0,0.011719107638782922,48,22447,0
1.4904560464999577,coast,0.0,0.02197332682271798,47,22372,0
1.4935358320001342,coast,0.0,0.03173924985503708,47,22314,0
1.4970246734999364,coast,0.0,0.04760887478255562,47,22255,0
1.5004448115000741,coast,0.0,0.05737479781487472,46,22208,0
1.5039456894999148,coast,0.0,0.06152531510361034,46,22157,0
1.5074461050000991,coast,0.0,0.06616412854396192,45,22122,0
1.5104537244999392,coast,0.0,0.07519760734885708,45,22083,0
1.5134538069999053,coast,0.0,0.07910397656178472,45,22056,0
1.5164461575000132,coast,0.0,0.08081301309244057,44,22034,0
1.5194459530000586,coast,0.0,0.07959227271340068,44,22006,0
1.522444923499961,coast,0.0,0.0793481246375927,44,21982,0
1.5254453575000753,coast,0.0,0.0837427900021363,43,21956,0
1.5284464214998934,coast,0.0,0.08716086306344799,42,21935,0
1.5314464575001239,coast,0.0,0.08691671498764,42,21916,0
1.5344457154999418,coast,0.0,0.08008056886501663,41,21897,0
1.5375390755000353,coast,0.0,0.06933805352946562,41,21867,0
1.5410405190000347,coast,0.0,0.060060426648762474,40,21841,0
1.544447314000081,coast,0.0,0.056886501663258766,40,21821,0
1.5474474519999148,coast,0.0,0.058107242042298654,39,21801,0
1.550446514999976,coast,0.0,0.05932798242133854,39,21782,0
1.5535237085000517,coast,0.0,0.06079287087618641,38,21760,0
1.557024439000088,coast,0.0,0.05957213049714652,37,21738,0
1.5604470585001309,coast,0.0,0.055909909360026856,37,21718,0
1.5634472790000018,coast,0.0,0.05224768822290719,36,21706,0
1.5664467684998726,coast,0.0,0.04882961516159551,36,21690,0
1.569472277000159,coast,0.0,0.0456556901760918,35,21670,0
1.5724738410001464,coast,0.0,0.04589983825189978,34,21659,0
1.575449034500025,coast,0.0,0.04736472670674764,33,21644,0
1.5784479774999909,coast,0.0,0.04834131900997955,33,21634,0
1.581509059499922,coast,0.0,0.05127109591967528,32,21617,0
1.5845104474999516,coast,0.0,0.05224768822290719,31,21610,0
1.5874497520001114,coast,0.0,0.052980132450331126,31,21600,0
1.5904491119999875,coast,0.0,0.05273598437452315,31,21593,0
1.5934489535000012,coast,0.0,0.05127109591967528,30,21588,0
1.5965273415001775,coast,0.0,0.049073763237403485,29,21577,0
1.6000620995000645,coast,0.0,0.04638813440351573,28,21570,0
1.6034850055000334,coast,0.0,0.044190801721243934,27,21561,0
1.606449328500048,coast,0.0,0.042237617114780114,27,21560,0
1.6099494850000156,coast,0.0,0.04077272865993225,27,21551,0
1.613466260999985,coast,0.0,0.038331247901852473,26,21546,0
1.6164680189999672,coast,0.0,0.03686635944700461,25,21544,0
1.6194525549999526,coast,0.0,0.037110507522812586,24,21539,0
1.6225534520001474,coast,0.0,0.0358897671437727,24,21538,0
1.626052978999951,coast,0.0,0.03662221137119663,23,21534,0
1.6294511815001442,coast,0.0,0.036133915219580676,23,21532,0
1.6324528745001317,coast,0.0,0.03662221137119663,22,21532,0
1.6355368179999914,coast,0.0,0.036133915219580676,21,21532,0
1.6390783630001806,coast,0.0,0.03442487868892483,21,21532,0
1.6424927225000374,coast,0.0,0.033204138309884945,21,21532,0
1.645451759000025,coast,0.0,0.0314951017792291,20,21532,0
1.6489527669998552,coast,0.0,0.02685628833887753,19,21534,0
1.6524525715001346,coast,0.0,0.02294991912594989,18,21534,0
1.6554714404999231,coast,0.0,0.018311105685598315,18,21534,0
1.6584706245000689,coast,0.0,0.01489303262428663,18,21535,0
1.6614524200001597,coast,0.0,0.012695699942014832,17,21534,0
1.6649533719999,coast,0.0,0.008789330729087191,16,21538,0
1.6684534819999044,coast,0.0,0.007080294198431349,16,21538,0
1.6714538515000186,coast,0.0,0.006347849971007416,15,21538,0
1.6744527299999845,coast,0.0,0.004882961516159551,15,21539,0
1.6779533215001265,coast,0.0,0.003906369212927641,15,21538,0
1.6814897460001248,coast,0.0,0.0029297769096957305,14,21538,0
1.6844895500000803,coast,0.0,0.002685628833887753,13,21535,0
1.687454725499947,coast,0.0,0.002685628833887753,13,21538,0
1.6909551315000044,coast,0.0,0.0014648884548478652,12,21535,0
1.6945283890001974,coast,0.0,0.0007324442274239326,12,21538,0
1.6975278695001634,coast,0.0,0.0012207403790398877,12,21538,0
1.7004553594999834,coast,0.0,0.0014648884548478652,11,21540,0
1.7034555524999178,coast,0.0,0.0009765923032319102,11,21539,0
1.7064547275001587,coast,0.0,-0.0004882961516159551,11,21542,0
1.7095158560000527,coast,0.0,0.0,10,21538,0
1.7125171145000877,coast,0.0,-0.0004882961516159551,10,21539,0
1.7154563540000254,coast,0.0,0.0004882961516159551,10,21539,0
1.7184552414998961,coast,0.0,-0.00024414807580797754,10,21539,0
1.7215484165001271,coast,0.0,0.0,9,21542,0
1.7250500729999203,coast,0.0,-0.00024414807580797754,9,21535,0
1.7284568675001992,coast,0.0,0.0,8,21535,0
1.7314569500001653,coast,0.0,0.0,8,21538,0
1.7344561894999515,coast,0.0,-0.0007324442274239326,8,21538,0
1.7374561330000233,coast,0.0,0.0007324442274239326,8,21538,0
1.7404573540000001,coast,0.0,0.00024414807580797754,7,21538,0
1.7434576865000508,coast,0.0,-0.0004882961516159551,7,21539,0
1.746456453500059,coast,0.0,0.0,7,21540,0
1.7495306375001292,coast,0.0,-0.0004882961516159551,7,21539,0
1.7525321645000531,coast,0.0,-0.0007324442274239326,7,21540,0
1.7554584874999364,coast,0.0,-0.00024414807580797754,7,21538,0
