t_s,theta_rad,dtheta_rad_s,psi_rad,dpsi_rad_s,error_theta,error_dtheta,error_psi,error_dpsi,u_PD_Nm,u_Nm,status_cbf,dorong_N,ISE_theta,ISE_dtheta,ISE_psi,ISE_dpsi,Kp_psi,Kd_psi,Kp_theta,Kd_theta,Kvel,Alpha_1,Alpha_2,Alpha_3,Alpha_4,Alpha_5,Alpha_6,zeta_DEG
0.005,0,0,-1.5560297e-07,0,0,0,1.5560297e-07,0,-2.3340446e-06,-2.3340446e-06,OK,0,0,0,1.2106142e-16,0,15,1.39,0.02,0.04,-0.05,40,40,40,100,100,10,0
0.01,3.3424026e-05,0.0087875369,-8.6694239e-06,-0.0021993485,-3.3424026e-05,-0.0087875369,8.6694239e-06,0.0021993485,-0.0028349658,-0.0028349658,OK,0,5.5858274e-12,3.8610403e-07,3.7591562e-13,2.4185669e-08,15,1.39,0.02,0.04,-0.05,40,40,40,100,100,10,0
0.015,8.1746325e-05,0.010289477,-1.8868765e-05,-0.0019590979,-8.1746325e-05,-0.010289477,1.8868765e-05,0.0019590979,-0.0025929636,-0.0025929636,OK,0,3.8998136e-11,9.1547072e-07,2.1560671e-12,4.3375992e-08,15,1.39,0.02,0.04,-0.05,40,40,40,100,100,10,0
0.02,0.00013957862,0.012474487,-2.8647164e-05,-0.0019451141,-0.00013957862,-0.012474487,2.8647164e-05,0.0019451141,-0.002631645,-0.002631645,OK,0,1.3640909e-10,1.6935348e-06,6.2593672e-12,6.2293336e-08,15,1.39,0.02,0.04,-0.05,40,40,40,100,100,10,0
0.025,0.00020902724,0.014858635,-3.8425214e-05,-0.0019749207,-0.00020902724,-0.014858635,3.8425214e-05,0.0019749207,-0.002722992,-0.002722992,OK,0,3.5487103e-10,2.79743e-06,1.3641853e-11,8.1794895e-08,15,1.39,0.02,0.04,-0.05,40,40,40,100,100,10,0
0.03,0.00029062052,0.017316691,-4.8371851e-05,-0.0020057198,-0.00029062052,-0.017316691,4.8371851e-05,0.0020057198,-0.0028150482,-0.0028150482,OK,0,7.7717247e-10,4.2967689e-06,2.5341032e-11,1.0190945e-07,15,1.39,0.02,0.04,-0.05,40,40,40,100,100,10,0
0.035,0.00038478213,0.019819216,-5.8318488e-05,-0.0020300259,-0.00038478213,-0.019819216,5.8318488e-05,0.0020300259,-0.0028960491,-0.0028960491,OK,0,1.5174589e-09,6.2607755e-06,4.2346263e-11,1.2251448e-07,15,1.39,0.02,0.04,-0.05,40,40,40,100,100,10,0
0.04,0.00049154074,0.022367759,-6.8433713e-05,-0.0020506656,-0.00049154074,-0.022367759,6.8433713e-05,0.0020506656,-0.0029723897,-0.0029723897,OK,0,2.7255204e-09,8.7623587e-06,6.5762129e-11,1.4354063e-07,15,1.39,0.02,0.04,-0.05,40,40,40,100,100,10,0
0.045,0.00061094585,0.024964192,-7.8886113e-05,-0.0020691392,-0.00061094585,-0.024964192,7.8886113e-05,0.0020691392,-0.0030486086,-0.0030486086,OK,0,4.5917945e-09,1.1878413e-05,9.6877222e-11,1.6494731e-07,15,1.39,0.02,0.04,-0.05,40,40,40,100,100,10,0
0.05,0.00074348278,0.027610243,-8.9422978e-05,-0.0020859172,-0.00074348278,-0.027610243,8.9422978e-05,0.0020859172,-0.0031214902,-0.0031214902,OK,0,7.3556278e-09,1.5690041e-05,1.3685957e-10,1.8670257e-07,15,1.39,0.02,0.04,-0.05,40,40,40,100,100,10,0
0.055,0.00088976894,0.030316529,-9.970679e-05,-0.0021043968,-0.00088976894,-0.030316529,9.970679e-05,0.0021043968,-0.0031902569,-0.0031902569,OK,0,1.1314072e-08,2.02855e-05,1.8656679e-10,2.08845e-07,15,1.39,0.02,0.04,-0.05,40,40,40,100,100,10,0
0.06,0.001049496,0.03309777,-0.00011041224,-0.0021291771,-0.001049496,-0.03309777,0.00011041224,0.0021291771,-0.003270839,-0.003270839,OK,0,1.6821281e-08,2.5762812e-05,2.475211e-10,2.3151197e-07,15,1.39,0.02,0.04,-0.05,40,40,40,100,100,10,0
0.065,0.0012234618,0.035948123,-0.00012111735,-0.0021562357,-0.0012234618,-0.035948123,0.00012111735,0.0021562357,-0.0033515338,-0.0033515338,OK,0,2.4305575e-08,3.222415e-05,3.2086817e-10,2.5475873e-07,15,1.39,0.02,0.04,-0.05,40,40,40,100,100,10,0
0.07,0.0014120684,0.038880008,-0.0001318228,-0.0021886858,-0.0014120684,-0.038880008,0.0001318228,0.0021886858,-0.0034361736,-0.0034361736,OK,0,3.427526e-08,3.9782425e-05,4.0775443e-10,2.7871046e-07,15,1.39,0.02,0.04,-0.05,40,40,40,100,100,10,0
0.075,0.0016153244,0.041878997,-0.00014294955,-0.0022221599,-0.0016153244,-0.041878997,0.00014294955,0.0022221599,-0.0035255792,-0.0035255792,OK,0,4.7321624e-08,4.8551677e-05,5.099273e-10,3.0340043e-07,15,1.39,0.02,0.04,-0.05,40,40,40,100,100,10,0
0.08,0.001822613,0.041144796,-0.00015137891,-0.0013061537,-0.001822613,-0.041144796,0.00015137891,0.0013061537,-0.0024039932,-0.0024039932,OK,0,6.3931215e-08,5.7016148e-05,6.2450517e-10,3.1193062e-07,15,1.39,0.02,0.04,-0.05,40,40,40,100,100,10,0
0.085,0.0020313459,0.042130008,-0.0001570264,-0.0010654613,-0.0020313459,-0.042130008,0.0001570264,0.0010654613,-0.00211056,-0.00211056,OK,0,8.4563045e-08,6.5890836e-05,7.4779162e-10,3.1760666e-07,15,1.39,0.02,0.04,-0.05,40,40,40,100,100,10,0
0.09,0.0022467935,0.043819509,-0.00016233706,-0.001047721,-0.0022467935,-0.043819509,0.00016233706,0.001047721,-0.0020936719,-0.0020936719,OK,0,1.0980345e-07,7.5491583e-05,8.7955823e-10,3.2309526e-07,15,1.39,0.02,0.04,-0.05,40,40,40,100,100,10,0
0.095,0.0024712839,0.045636537,-0.00016756326,-0.0011036437,-0.0024712839,-0.045636537,0.00016756326,0.0011036437,-0.0021726265,-0.0021726265,OK,0,1.4033967e-07,8.5905051e-05,1.0199455e-09,3.291854e-07,15,1.39,0.02,0.04,-0.05,40,40,40,100,100,10,0
0.1,0.0027051755,0.047642529,-0.00017346415,-0.0011724042,-0.0027051755,-0.047642529,0.00017346415,0.0011724042,-0.0022717994,-0.0022717994,OK,0,1.7692954e-07,9.7254103e-05,1.1703945e-09,3.3605806e-07,15,1.39,0.02,0.04,-0.05,40,40,40,100,100,10,0
0.105,0.0029497368,0.049768405,-0.00017944882,-0.0012511399,-0.0029497368,-0.049768405,0.00017944882,0.0012511399,-0.0023810857,-0.0023810857,OK,0,2.2043428e-07,0.00010963857,1.3314039e-09,3.4388482e-07,15,1.39,0.02,0.04,-0.05,40,40,40,100,100,10,0
0.11,0.0032052723,0.051990804,-0.00018577066,-0.0013309685,-0.0032052723,-0.051990804,0.00018577066,0.0013309685,-0.0024928686,-0.0024928686,OK,0,2.7180313e-07,0.00012315379,1.5039576e-09,3.527422e-07,15,1.39,0.02,0.04,-0.05,40,40,40,100,100,10,0
0.115,0.0034721169,0.054333689,-0.00019268273,-0.0014177084,-0.0034721169,-0.054333689,0.00019268273,0.0014177084,-0.0026180658,-0.0026180658,OK,0,3.3208111e-07,0.00013791454,1.6895908e-09,3.6279169e-07,15,1.39,0.02,0.04,-0.05,40,40,40,100,100,10,0
0.12,0.0037508446,0.056781848,-0.00020018502,-0.0015073816,-0.0037508446,-0.056781848,0.00020018502,0.0015073816,-0.0027517449,-0.0027517449,OK,0,4.0242529e-07,0.00015403543,1.889961e-09,3.7415269e-07,15,1.39,0.02,0.04,-0.05,40,40,40,100,100,10,0
0.125,0.0040424074,0.0593409,-0.0002078559,-0.0015955513,-0.0040424074,-0.0593409,0.0002078559,0.0015955513,-0.0028811707,-0.0028811707,OK,0,4.8413057e-07,0.00017164214,2.1059814e-09,3.868816e-07,15,1.39,0.02,0.04,-0.05,40,40,40,100,100,10,0
0.13,0.0043468547,0.062035389,-0.00021628525,-0.0016921389,-0.0043468547,-0.062035389,0.00021628525,0.0016921389,-0.0030279992,-0.0030279992,OK,0,5.786063e-07,0.00019088409,2.3398779e-09,4.0119828e-07,15,1.39,0.02,0.04,-0.05,40,40,40,100,100,10,0
0.135,0.0046654644,0.064833341,-0.00022479873,-0.0017841435,-0.0046654644,-0.064833341,0.00022479873,0.0017841435,-0.0031652975,-0.0031652975,OK,0,6.8743909e-07,0.0002119009,2.5925503e-09,4.1711411e-07,15,1.39,0.02,0.04,-0.05,40,40,40,100,100,10,0
0.14,0.004998256,0.06778262,-0.00023407102,-0.0018866124,-0.004998256,-0.06778262,0.00023407102,0.0018866124,-0.0033221866,-0.0033221866,OK,0,8.123519e-07,0.00023487332,2.8664965e-09,4.3491065e-07,15,1.39,0.02,0.04,-0.05,40,40,40,100,100,10,0
0.145,0.0053463782,0.070868914,-0.00024368048,-0.0019902361,-0.0053463782,-0.070868914,0.00024368048,0.0019902361,-0.0034799513,-0.0034799513,OK,0,9.552707e-07,0.00025998534,3.1633974e-09,4.5471584e-07,15,1.39,0.02,0.04,-0.05,40,40,40,100,100,10,0
0.15,0.0057100918,0.074101708,-0.00025413321,-0.0021005052,-0.0057100918,-0.074101708,0.00025413321,0.0021005052,-0.0036534302,-0.0036534302,OK,0,1.1182964e-06,0.00028744065,3.4863158e-09,4.7677645e-07,15,1.39,0.02,0.04,-0.05,40,40,40,100,100,10,0
0.155,0.0060905735,0.077479271,-0.00026492278,-0.0022101374,-0.0060905735,-0.077479271,0.00026492278,0.0022101374,-0.0038249504,-0.0038249504,OK,0,1.3037719e-06,0.00031745584,3.8372362e-09,5.0119999e-07,15,1.39,0.02,0.04,-0.05,40,40,40,100,100,10,0
0.16,0.006488574,0.081021186,-0.00027613366,-0.0023260763,-0.006488574,-0.081021186,0.00027613366,0.0023260763,-0.004004632,-0.004004632,OK,0,1.5142798e-06,0.000350278,4.2184852e-09,5.2825315e-07,15,1.39,0.02,0.04,-0.05,40,40,40,100,100,10,0
0.165,0.0069047099,0.084734798,-0.00028801921,-0.0024483922,-0.0069047099,-0.084734798,0.00028801921,0.0024483922,-0.0041960671,-0.0041960671,OK,0,1.7526549e-06,0.00038617793,4.6332605e-09,5.5822627e-07,15,1.39,0.02,0.04,-0.05,40,40,40,100,100,10,0
0.17,0.0073398312,0.088619412,-0.00030066323,-0.0025768664,-0.0073398312,-0.088619412,0.00030066323,0.0025768664,-0.0044002198,-0.0044002198,OK,0,2.0220205e-06,0.00042544493,5.0852524e-09,5.9142747e-07,15,1.39,0.02,0.04,-0.05,40,40,40,100,100,10,0
0.175,0.0077950037,0.092683511,-0.00031381302,-0.0027066884,-0.0077950037,-0.092683511,0.00031381302,0.0027066884,-0.0046062518,-0.0046062518,OK,0,2.325831e-06,0.0004683961,5.5776455e-09,6.2805828e-07,15,1.39,0.02,0.04,-0.05,40,40,40,100,100,10,0
0.18,0.0082709017,0.09694386,-0.00032780575,-0.002843574,-0.0082709017,-0.09694386,0.00032780575,0.002843574,-0.0048264817,-0.0048264817,OK,0,2.66787e-06,0.00051538666,6.1149286e-09,6.6848785e-07,15,1.39,0.02,0.04,-0.05,40,40,40,100,100,10,0
0.185,0.0087688779,0.10140278,-0.00034230456,-0.0029851472,-0.0087688779,-0.10140278,0.00034230456,0.0029851472,-0.0050524341,-0.0050524341,OK,0,3.0523361e-06,0.00056679928,6.7007906e-09,7.1304337e-07,15,1.39,0.02,0.04,-0.05,40,40,40,100,100,10,0
0.19,0.0092897827,0.10606594,-0.00035756153,-0.0031362909,-0.0092897827,-0.10606594,0.00035756153,0.0031362909,-0.0052944342,-0.0052944342,OK,0,3.4838365e-06,0.00062304919,7.3400418e-09,7.6222497e-07,15,1.39,0.02,0.04,-0.05,40,40,40,100,100,10,0
0.195,0.0098344329,0.11094983,-0.00037374588,-0.0032901109,-0.0098344329,-0.11094983,0.00037374588,0.0032901109,-0.0055447606,-0.0055447606,OK,0,3.9674168e-06,0.00068459852,8.0384718e-09,8.1634912e-07,15,1.39,0.02,0.04,-0.05,40,40,40,100,100,10,0
0.2,0.010404211,0.11606377,-0.00039068904,-0.0034505129,-0.010404211,-0.11606377,0.00039068904,0.0034505129,-0.0058059134,-0.0058059134,OK,0,4.5086548e-06,0.00075195251,8.8016614e-09,8.7587932e-07,15,1.39,0.02,0.04,-0.05,40,40,40,100,100,10,0
0.205,0.010951879,0.10214308,-0.000396421,0.0012111042,-0.010951879,-0.10214308,0.000396421,-0.0012111042,4.1880746e-05,4.1880746e-05,OK,0,5.1083731e-06,0.00080411856,9.5874094e-09,8.8321318e-07,15,1.39,0.02,0.04,-0.05,40,40,40,100,100,10,0
0.21,0.011433309,0.092408127,-0.00038310261,0.0035493792,-0.011433309,-0.092408127,0.00038310261,-0.0035493792,0.0031120892,0.0031120892,OK,0,5.761976e-06,0.00084681487,1.0321247e-08,9.4620365e-07,15,1.39,0.02,0.04,-0.05,40,40,40,100,100,10,0
0.215,0.011880565,0.08754804,-0.00036396781,0.0039981194,-0.011880565,-0.08754804,0.00036396781,-0.0039981194,0.0038374016,0.0038374016,OK,0,6.4677151e-06,0.00088513816,1.098361e-08,1.0261284e-06,15,1.39,0.02,0.04,-0.05,40,40,40,100,100,10,0
0.22,0.012307783,0.084147577,-0.00034424313,0.0039271098,-0.012307783,-0.084147577,0.00034424313,-0.0039271098,0.0039070944,0.0039070944,OK,0,7.2251227e-06,0.00092054224,1.1576127e-08,1.1032394e-06,15,1.39,0.02,0.04,-0.05,40,40,40,100,100,10,0
0.225,0.012719981,0.081292181,-0.00032502388,0.0037090533,-0.012719981,-0.081292181,0.00032502388,-0.0037090533,0.0037863128,0.0037863128,OK,0,8.0341123e-06,0.00095358433,1.210433e-08,1.1720248e-06,15,1.39,0.02,0.04,-0.05,40,40,40,100,100,10,0
0.23,0.013118318,0.078684561,-0.00030732256,0.003459902,-0.013118318,-0.078684561,0.00030732256,-0.003459902,0.0036091741,0.0036091741,OK,0,8.8945636e-06,0.00098454063,1.2576565e-08,1.2318794e-06,15,1.39,0.02,0.04,-0.05,40,40,40,100,100,10,0
0.235,0.013504222,0.076231027,-0.00029071658,0.0032151553,-0.013504222,-0.076231027,0.00029071658,-0.0032151553,0.0034276427,0.0034276427,OK,0,9.8063837e-06,0.0010135965,1.2999146e-08,1.2835655e-06,15,1.39,0.02,0.04,-0.05,40,40,40,100,100,10,0
0.24,0.013878461,0.07391621,-0.00027512211,0.0029759561,-0.013878461,-0.07391621,0.00027512211,-0.0029759561,0.0032439649,0.0032439649,OK,0,1.0769442e-05,0.0010409145,1.3377607e-08,1.3278471e-06,15,1.39,0.02,0.04,-0.05,40,40,40,100,100,10,0
0.245,0.014241063,0.071706819,-0.00026104526,0.002756756,-0.014241063,-0.071706819,0.00026104526,-0.002756756,0.003069306,0.003069306,OK,0,1.1783481e-05,0.0010666238,1.371833e-08,1.3658456e-06,15,1.39,0.02,0.04,-0.05,40,40,40,100,100,10,0
0.25,0.014593176,0.069627823,-0.00024789547,0.0025462494,-0.014593176,-0.069627823,0.00024789547,-0.0025462494,0.0028978311,0.0028978311,OK,0,1.2848285e-05,0.001090864,1.4025591e-08,1.3982625e-06,15,1.39,0.02,0.04,-0.05,40,40,40,100,100,10,0
0.255,0.014935423,0.067665155,-0.00023558828,0.0023473318,-0.014935423,-0.067665155,0.00023558828,-0.0023473318,0.0027342816,0.0027342816,OK,0,1.396362e-05,0.0011137569,1.43031e-08,1.4258124e-06,15,1.39,0.02,0.04,-0.05,40,40,40,100,100,10,0
0.26,0.015268085,0.065820131,-0.00022437708,0.0021576927,-0.015268085,-0.065820131,0.00022437708,-0.0021576927,0.0025717037,0.0025717037,OK,0,1.5129192e-05,0.0011354183,1.4554825e-08,1.4490905e-06,15,1.39,0.02,0.04,-0.05,40,40,40,100,100,10,0
0.265,0.015591675,0.064084734,-0.00021426219,0.00197889,-0.015591675,-0.064084734,0.00021426219,-0.00197889,0.0024119471,0.0024119471,OK,0,1.6344694e-05,0.0011559526,1.4784367e-08,1.4686706e-06,15,1.39,0.02,0.04,-0.05,40,40,40,100,100,10,0
0.27,0.015907151,0.06244976,-0.00020473686,0.0018093617,-0.015907151,-0.06244976,0.00020473686,-0.0018093617,0.0022600934,0.0022600934,OK,0,1.7609881e-05,0.0011754525,1.4993953e-08,1.4850395e-06,15,1.39,0.02,0.04,-0.05,40,40,40,100,100,10,0
0.275,0.016214691,0.060923681,-0.00019613892,0.0016500833,-0.016214691,-0.060923681,0.00019613892,-0.0016500833,0.0021127731,0.0021127731,OK,0,1.8924462e-05,0.0011940109,1.5186305e-08,1.4986534e-06,15,1.39,0.02,0.04,-0.05,40,40,40,100,100,10,0
0.28,0.01651494,0.059504457,-0.00018829945,0.0014984166,-0.01651494,-0.059504457,0.00018829945,-0.0014984166,0.0019687844,0.0019687844,OK,0,2.0288178e-05,0.0012117148,1.5363589e-08,1.5098797e-06,15,1.39,0.02,0.04,-0.05,40,40,40,100,100,10,0
0.285,0.016808386,0.058189427,-0.0001812188,0.0013541368,-0.016808386,-0.058189427,0.0001812188,-0.0013541368,0.001827713,0.001827713,OK,0,2.1700787e-05,0.0012286449,1.552779e-08,1.5190481e-06,15,1.39,0.02,0.04,-0.05,40,40,40,100,100,10,0
0.29,0.017095467,0.05698081,-0.00017489695,0.0012138062,-0.017095467,-0.05698081,0.00017489695,-0.0012138062,0.0016848781,0.0016848781,OK,0,2.3162062e-05,0.0012448789,1.5680735e-08,1.5264147e-06,15,1.39,0.02,0.04,-0.05,40,40,40,100,100,10,0
0.295,0.017377113,0.055850847,-0.00016891194,0.001087644,-0.017377113,-0.055850847,0.00016891194,-0.001087644,0.0015597222,0.0015597222,OK,0,2.4671882e-05,0.0012604755,1.5823391e-08,1.5323296e-06,15,1.39,0.02,0.04,-0.05,40,40,40,100,100,10,0
0.3,0.017652855,0.054840329,-0.00016419151,0.00096050695,-0.017652855,-0.054840329,0.00016419151,-0.00096050695,0.0014189023,0.0014189023,OK,0,2.6229999e-05,0.0012755128,1.5958185e-08,1.5369424e-06,15,1.39,0.02,0.04,-0.05,40,40,40,100,100,10,0
0.305,0.017924322,0.053914945,-0.00015955519,0.00084422081,-0.017924322,-0.053914945,0.00015955519,-0.00084422081,0.0012952233,0.0012952233,OK,0,2.7836406e-05,0.0012900469,1.6085474e-08,1.540506e-06,15,1.39,0.02,0.04,-0.05,40,40,40,100,100,10,0
