t_s,theta_rad,dtheta_rad_s,psi_rad,dpsi_rad_s,error_theta,error_dtheta,error_psi,error_dpsi,u_PD_Nm,u_Nm,status_cbf,ISE_theta,ISE_dtheta,ISE_psi,ISE_dpsi
0.005,0.0,0.0,2.220446049250313e-16,-0.0,0.0,0.0,-2.220446049250313e-16,0.0,0.0,0.0,-,0.0,0.0,2.465190328815662e-34,0.0
0.01,-7.623295408261661e-26,1.357695975199742e-36,2.220446049250313e-16,2.541098841762901e-23,7.623295408261661e-26,-1.357695975199742e-36,-2.220446049250313e-16,-2.541098841762901e-23,0.0,0.0,-,2.9057316440811663e-53,9.216691805367893e-75,4.930380657631324e-34,3.2285916618043786e-48
0.015,-2.795208809400675e-25,2.7095144786453727e-36,2.220446049250313e-16,5.082197683525801e-23,2.795208809400675e-25,-2.7095144786453727e-36,-2.220446049250313e-16,-5.082197683525801e-23,0.0,0.0,-,4.197169308483685e-52,4.592403535531242e-74,7.395570986446985e-34,1.614295830902189e-47
0.02,1.1857547159800283e-10,1.0427549238301104e-07,-1.0482614779150557e-10,-9.228839852576244e-08,-1.1857547159800283e-10,-1.0427549238301104e-07,1.0482614779150557e-10,9.228839852576244e-08,0.0,0.0,-,7.03007123234439e-23,5.4366891558596977e-17,5.494260630477242e-23,4.2585742512249766e-17
0.025,7.427239284113412e-10,1.3872129212434713e-07,-6.594711444026285e-10,-1.233109859287085e-07,-7.427239284113412e-10,-1.3872129212434713e-07,6.594711444026285e-10,1.233109859287085e-07,0.0,0.0,-,2.8284948814973205e-21,1.5058487600183923e-16,2.2294535578033353e-21,1.186137387658005e-16
0.030000000000000002,1.5412416282280689e-09,1.7373052871243286e-07,-1.3693761680814637e-09,-1.5446266772332215e-07,-1.5412416282280689e-09,-1.7373052871243286e-07,1.3693761680814637e-09,1.5446266772332215e-07,0.0,0.0,-,1.4705623664412866e-20,3.014963590353466e-16,1.1605409006350704e-20,2.3790731736682765e-16
0.035,2.5157608195907275e-09,2.0906770220891851e-07,-2.235890361837251e-09,-1.85905705419741e-07,-2.5157608195907275e-09,-2.0906770220891851e-07,2.235890361837251e-09,1.85905705419741e-07,0.0,0.0,-,4.6350886171351916e-20,5.200428795699318e-16,3.660143755713428e-20,4.1071197390488526e-16
0.04,3.6681231922392e-09,2.447992893292677e-07,-3.2606479739618677e-09,-2.1769966343449976e-07,-3.6681231922392e-09,-2.447992893292677e-07,3.2606479739618677e-09,2.1769966343449976e-07,0.0,0.0,-,1.136265249385674e-19,8.196763398505042e-16,8.976056360764242e-20,6.476776912023575e-16
0.045,5.000497958634067e-09,2.8099186863473814e-07,-4.4455845672761035e-09,-2.499043801111359e-07,-5.000497958634067e-09,-2.8099186863473814e-07,4.4455845672761035e-09,2.499043801111359e-07,0.0,0.0,-,2.3865142411008473e-19,1.2144584910447136e-15,1.8857667433165967e-19,9.599386871960127e-16
0.049999999999999996,6.5154008429007666e-09,3.177150628614337e-07,-5.7929352427731995e-09,-2.8258104016578467e-07,-6.5154008429007666e-09,-3.177150628614337e-07,5.7929352427731995e-09,2.8258104016578467e-07,0.0,0.0,-,4.509036648284447e-19,1.7191727968899374e-15,3.5636716796647853e-19,1.3591989085018966e-15
0.05499999999999999,8.21569142652219e-09,3.5503775345526336e-07,-7.305245075714979e-09,-3.1579124233836727e-07,-8.21569142652219e-09,-3.5503775345526336e-07,7.305245075714979e-09,3.1579124233836727e-07,0.0,0.0,-,7.883915929075956e-19,2.3494318287827388e-15,6.232001960477682e-19,1.8578194521899433e-15
0.05999999999999999,1.010457351601974e-08,3.9302975224229845e-07,-8.985368671542063e-09,-3.495975328264053e-07,-1.010457351601974e-08,-3.9302975224229845e-07,8.985368671542063e-09,3.495975328264053e-07,0.0,0.0,-,1.2989036226108331e-18,3.1217937595209507e-15,1.0268844468654159e-18,2.4689116269814906e-15
0.06499999999999999,1.2185615880927608e-08,4.3176447524036956e-07,-1.0836479269703765e-08,-3.8406420852173887e-07,-1.2185615880927608e-08,-4.3176447524036956e-07,1.0836479269703765e-08,3.8406420852173887e-07,0.0,0.0,-,2.0413497945984085e-18,4.053896569918909e-15,1.6140308616790126e-18,3.206438208318639e-15
0.06999999999999999,1.4462741011210935e-08,4.713121015090745e-07,-1.286207140819205e-08,-4.192555641939378e-07,-1.4462741011210935e-08,-4.713121015090745e-07,1.286207140819205e-08,4.192555641939378e-07,0.0,0.0,-,3.0872041823852225e-18,5.16457205506341e-15,2.4411952662261703e-18,4.085314348856525e-15
0.075,1.6940247663492e-08,5.117515713894652e-07,-1.5065970027371427e-08,-4.552392027970097e-07,-1.6940247663492e-08,-5.117515713894652e-07,1.5065970027371427e-08,4.552392027970097e-07,0.0,0.0,-,4.522064136887454e-18,6.474020409161346e-15,3.5761125305544424e-18,5.1215280076728104e-15
0.08,1.9622816720002997e-08,5.531562123621173e-07,-1.7452337797450757e-08,-4.920822620306226e-07,-1.9622816720002997e-08,-5.531562123621173e-07,1.7452337797450757e-08,4.920822620306226e-07,0.0,0.0,-,6.447338817021601e-18,8.003929385535368e-15,5.099033003536086e-18,6.332252770698683e-15
0.085,2.251551350511962e-08,5.956055878261688e-07,-2.002568022550863e-08,-5.298546874839567e-07,-2.251551350511962e-08,-5.956055878261688e-07,2.002568022550863e-08,5.298546874839567e-07,0.0,0.0,-,8.982080559017723e-18,9.777659466784149e-15,7.104172346007724e-18,7.735982719942291e-15
0.09000000000000001,2.562379493322826e-08,6.391791176419221e-07,-2.2790857645902085e-08,-5.686276108230587e-07,-2.562379493322826e-08,-6.391791176419221e-07,2.2790857645902085e-08,5.686276108230587e-07,0.0,0.0,-,1.2264974892918397e-17,1.1820409188931681e-14,9.701288307186594e-18,9.352669518893992e-15
0.09500000000000001,2.8953531201850395e-08,6.839594980600886e-07,-2.5753091215471455e-08,-6.084743625589757e-07,-2.8953531201850395e-08,-6.839594980600886e-07,2.5753091215471455e-08,6.084743625589757e-07,0.0,0.0,-,1.6456509738201024e-17,1.4159412163864726e-14,1.3017396842948562e-17,1.1203874768351753e-14
0.10000000000000002,3.251101054725638e-08,7.300312287173735e-07,-2.8917976014171814e-08,-6.494701730126829e-07,-3.251101054725638e-08,-7.300312287173735e-07,2.8917976014171814e-08,6.494701730126829e-07,0.0,0.0,-,2.1741338772220106e-17,1.6824140138377717e-14,1.7198643526729646e-17,1.3312932296517376e-14
0.10500000000000002,3.630294660083779e-08,7.774808474301569e-07,-3.2291487040276795e-08,-6.916923347559889e-07,-3.630294660083779e-08,-7.774808474301569e-07,3.2291487040276795e-08,6.916923347559889e-07,0.0,0.0,-,2.833085843173651e-17,1.9846522478981297e-14,2.2412344203091472e-17,1.5705123726318332e-14
0.11000000000000003,4.0336502213172675e-08,8.263997844233186e-07,-3.587999675190348e-08,-7.352210714365776e-07,-4.0336502213172675e-08,-8.263997844233186e-07,3.587999675190348e-08,7.352210714365776e-07,0.0,0.0,-,3.646602548570294e-17,2.3261205497455836e-14,2.8849215037674496e-17,1.840787384574008e-14
0.11500000000000003,4.461929142970891e-08,8.768775901324975e-07,-3.969028017403714e-08,-7.801378235962705e-07,-4.461929142970891e-08,-8.768775901324975e-07,3.969028017403714e-08,7.801378235962705e-07,0.0,0.0,-,4.642043132414942e-17,2.710577703783872e-14,3.6725806739142336e-17,2.145094896476771e-14
0.12000000000000004,4.915939840657084e-08,9.29011479404748e-07,-4.37295328841449e-08,-8.265279210615678e-07,-4.915939840657084e-08,-9.29011479404748e-07,4.37295328841449e-08,8.265279210615678e-07,0.0,0.0,-,5.850366358262923e-17,3.142108868216772e-14,4.6287166970469895e-17,2.48666909862395e-14
0.12500000000000003,5.396539845242372e-08,9.82899858692921e-07,-4.8005383446673784e-08,-8.744789558638057e-07,-5.396539845242372e-08,-9.82899858692921e-07,4.8005383446673784e-08,8.744789558638057e-07,0.0,0.0,-,7.306498473327348e-17,3.625154934326053e-14,5.780975116978078e-17,2.8690258207482756e-14
0.13000000000000003,5.904636477498651e-08,1.0386430402903874e-06,-5.252590540345878e-08,-9.240810895851835e-07,-5.904636477498651e-08,-1.0386430402903874e-06,5.252590540345878e-08,9.240810895851835e-07,0.0,0.0,-,9.049735069897733e-17,4.164544616897883e-14,7.160460486204629e-17,3.295988750812746e-14
0.13500000000000004,6.441188590500625e-08,1.0963471825791133e-06,-5.7299635481380493e-08,-9.7542823124538e-07,-6.441188590500625e-08,-1.0963471825791133e-06,5.7299635481380493e-08,9.7542823124538e-07,0.0,0.0,-,1.1124180592817505e-16,4.765533189272463e-14,8.80208459935417e-17,3.7717188679679915e-14
0.14000000000000004,7.007209444399763e-08,1.1561215800397324e-06,-6.233558735913131e-08,-1.0286174326273566e-06,-7.007209444399763e-08,-1.1561215800397324e-06,6.233558735913131e-08,1.0286174326273566e-06,0.0,0.0,-,1.357922980270177e-16,5.433841743189247e-14,1.0744947325058117e-16,4.3007457793204394e-14
0.14500000000000005,7.603767819404403e-08,1.2180788918966458e-06,-6.764327165122942e-08,-1.0837490779105934e-06,-7.603767819404403e-08,-1.2180788918966458e-06,6.764327165122942e-08,1.0837490779105934e-06,0.0,0.0,-,1.647009405527227e-16,6.175699836631328e-14,1.3032753424899127e-16,4.888001811256471e-14
0.15000000000000005,8.231990226685402e-08,1.282336702764503e-06,-7.323271233931964e-08,-1.1409274350635648e-06,-8.231990226685402e-08,-1.282336702764503e-06,7.323271233931964e-08,1.1409274350635648e-06,0.0,0.0,-,1.9858377209884473e-16,6.997893546259797e-14,1.57142685031859e-16,5.5388595172968335e-14
0.15500000000000005,8.893063233955718e-08,1.3490168624926626e-06,-7.911446497983117e-08,-1.2002606161219107e-06,-8.893063233955718e-08,-1.3490168624926626e-06,7.911446497983117e-08,1.2002606161219107e-06,0.0,0.0,-,2.381270589404122e-16,7.907816793904572e-14,1.884381778770837e-16,6.259172290603509e-14
0.16000000000000006,9.588235363049512e-08,1.4182440838126254e-06,-8.529963802025944e-08,-1.2618603427108585e-06,-9.588235363049512e-08,-1.4182440838126254e-06,8.529963802025944e-08,1.2618603427108585e-06,0.0,0.0,-,2.8409418762902883e-16,8.91352493453933e-14,2.248183191090202e-16,7.055318052856693e-14
0.16500000000000006,1.0318819034564844e-07,1.490148938093774e-06,-9.179991034068956e-08,-1.325842898444993e-06,-1.0318819034564844e-07,-1.490148938093774e-06,9.179991034068956e-08,1.325842898444993e-06,0.0,0.0,-,3.3733320076307774e-16,1.0023796863390331e-13,2.6695443680181345e-16,7.934247748535204e-14
0.17000000000000007,1.1086193691377246e-07,1.564867347377052e-06,-9.862755745506015e-08,-1.392329145606121e-06,-1.1086193691377246e-07,-1.564867347377052e-06,9.862755745506015e-08,1.392329145606121e-06,0.0,0.0,-,3.987850460444441e-16,1.1248201770833778e-13,3.1559141224956946e-16,8.903537973387341e-14
0.17500000000000007,1.1891808296675004e-07,1.6425406317938764e-06,-1.0579547260540074e-07,-1.4614446973346972e-06,-1.1891808296675004e-07,-1.6425406317938764e-06,1.0579547260540074e-07,1.4614446973346972e-06,0.0,0.0,-,4.694925983268785e-16,1.2597171634380692e-13,3.7155482236857e-16,9.971448275071194e-14
0.18000000000000008,1.2737183918643725e-07,1.7233154779477606e-06,-1.1331719096469363e-07,-1.5333200744548804e-06,-1.2737183918643725e-07,-1.7233154779477606e-06,1.1331719096469363e-07,1.5333200744548804e-06,0.0,0.0,-,5.506105254155567e-16,1.4082079752647852e-13,4.357587512092143e-16,1.1146983500434356e-13
0.18500000000000008,1.3623916779180405e-07,1.807343538886684e-06,-1.212069171704051e-07,-1.6080907702146099e-06,-1.3623916779180405e-07,-1.807343538886684e-06,1.212069171704051e-07,1.6080907702146099e-06,0.0,0.0,-,6.434160796185736e-16,1.5715325086425576e-13,5.092143350589816e-16,1.2439961463059066e-13
0.19000000000000009,1.455368104258003e-07,1.8947846297100193e-06,-1.294795499714362e-07,-1.6858982876646763e-06,-1.455368104258003e-07,-1.8947846297100193e-06,1.294795499714362e-07,1.6858982876646763e-06,0.0,0.0,-,7.493208955631503e-16,1.7510429482918245e-13,5.930391043630098e-16,1.386108798123441e-13
0.1950000000000001,1.5528232606212854e-07,1.985803755241606e-06,-1.3815071198210046e-07,-1.7668895273429852e-06,-1.5528232606212854e-07,-1.985803755241606e-06,1.3815071198210046e-07,1.7668895273429852e-06,0.0,0.0,-,8.698838994994764e-16,1.948213776008408e-13,6.884672004688163e-16,1.542203728215157e-13
0.2000000000000001,1.6549411732816961e-07,2.0805730894540335e-06,-1.4723677677156506e-07,-1.8512175128317232e-06,-1.6549411732816961e-07,-2.0805730894540335e-06,1.4723677677156506e-07,1.8512175128317232e-06,0.0,0.0,-,1.0068254138506264e-15,2.164652995036423e-13,7.968605426392148e-16,1.7135540422059005e-13
0.2050000000000001,1.7619146895335689e-07,2.1792714972302455e-06,-1.5675490572325568e-07,-1.9390414639167833e-06,-1.7619146895335689e-07,-2.1792714972302455e-06,1.5675490572325568e-07,1.9390414639167833e-06,0.0,0.0,-,1.162042582510335e-15,2.402114207968431e-13,9.197210449807487e-16,1.901548132145328e-13
0.2100000000000001,1.8739458116973853e-07,2.2820841894857762e-06,-1.6672307090545026e-07,-2.030526913898958e-06,-1.8739458116973853e-07,-2.2820841894857762e-06,1.6672307090545026e-07,2.030526913898958e-06,0.0,0.0,-,1.3376262277692438e-15,2.6625096203634785e-13,1.0587039568414679e-15,2.1077001095487294e-13
0.2150000000000001,1.991246012613107e-07,2.3892051667610356e-06,-1.771600945952186e-07,-2.1258465842446668e-06,-1.991246012613107e-07,-2.3892051667610356e-06,1.771600945952186e-07,2.1258465842446668e-06,0.0,0.0,-,1.535879261906624e-15,2.94792468680736e-13,1.215632452426402e-15,2.3336612945359654e-13
0.2200000000000001,2.1140368411233867e-07,2.5008391483362886e-06,-1.8808568880236336e-07,-2.2251811309492536e-06,-2.1140368411233867e-07,-2.5008391483362886e-06,1.8808568880236336e-07,2.2251811309492536e-06,0.0,0.0,-,1.7593368501879714e-15,3.260634509099929e-13,1.3925135840876995e-15,2.5812328478125957e-13
0.22500000000000012,2.2425501478541873e-07,2.6171948168235235e-06,-1.99520484801351e-07,-2.328717567003223e-06,-2.2425501478541873e-07,-2.6171948168235235e-06,1.99520484801351e-07,2.328717567003223e-06,0.0,0.0,-,2.0107884084700137e-15,3.603119944560325e-13,1.5915557033645304e-15,2.8523791231560664e-13
0.23000000000000012,2.3770285991627115e-07,2.738492691371726e-06,-2.1148607531978736e-07,-2.436651624754178e-06,-2.3770285991627115e-07,-2.738492691371726e-06,2.1148607531978736e-07,2.436651624754178e-06,0.0,0.0,-,2.293301656531886e-15,3.978087055595143e-13,1.8151875036353644e-15,3.1492426801769255e-13
0.23500000000000013,2.5177261601320106e-07,2.8649616054733504e-06,-2.2400505761507133e-07,-2.5491870675119995e-06,-2.5177261601320106e-07,-2.8649616054733504e-06,2.2400505761507133e-07,2.5491870675119995e-06,0.0,0.0,-,2.61024890740254e-15,4.3884873056369653e-13,2.066078832821022e-15,3.474160415435447e-13
0.24000000000000013,2.664908484484595e-07,2.996840683593249e-06,-2.371010721101552e-07,-2.666536489128268e-06,-2.664908484484595e-07,-2.996840683593249e-06,2.371010721101552e-07,2.666536489128268e-06,0.0,0.0,-,2.9653357689364393e-15,4.837540009778948e-13,2.347163424799947e-15,3.829681257828073e-13
0.24500000000000013,2.8188535248580264e-07,3.134378803683145e-06,-2.5079884946700193e-07,-2.7889214498023417e-06,-2.8188535248580264e-07,-3.134378803683145e-06,2.5079884946700193e-07,2.7889214498023417e-06,0.0,0.0,-,3.3626325286666656e-15,5.328756534027857e-13,2.6616637392698067e-15,4.2185854004864535e-13
0.2500000000000001,2.979851956696143e-07,3.2778355935374712e-06,-2.651242578820852e-07,-2.9165730360565803e-06,-2.979851956696143e-07,-3.2778355935374712e-06,2.651242578820852e-07,2.9165730360565803e-06,0.0,0.0,-,3.8066084128579555e-15,5.865966842940912e-13,3.0131180998574373e-15,4.643905314219067e-13
0.2550000000000001,3.148207842204578e-07,3.427482651046948e-06,-2.8010434860553414e-07,-3.0497324930238667e-06,-3.148207842204578e-07,-3.427482651046948e-06,2.8010434860553414e-07,3.0497324930238667e-06,0.0,0.0,-,4.302169043743876e-15,6.453348709102304e-13,3.4054103303960908e-15,5.108948728169345e-13
0.2600000000000001,3.3242390678119386e-07,3.5836012024626297e-06,-2.957674110081944e-07,-3.1886509132821134e-06,-3.3242390678119386e-07,-3.5836012024626297e-06,2.957674110081944e-07,3.1886509132821134e-06,0.0,0.0,-,4.854697312742235e-15,7.095458588016885e-13,3.842802137468542e-15,5.617323460508088e-13
0.2650000000000001,3.5082780098495875e-07,3.746486389611533e-06,-3.121430225416647e-07,-3.333590719837139e-06,-3.5082780098495875e-07,-3.746486389611533e-06,3.121430225416647e-07,3.333590719837139e-06,0.0,0.0,-,5.470098042461945e-15,7.797266601394109e-13,4.329968470075773e-15,6.172964814877304e-13
0.27000000000000013,3.700672206015265e-07,3.916446871216581e-06,-3.29262106913984e-07,-3.484825904921013e-06,-3.700672206015265e-07,-3.916446871216581e-06,3.29262106913984e-07,3.484825904921013e-06,0.0,0.0,-,6.15484678128064e-15,8.564194406147216e-13,4.872036145322953e-15,6.780165394257732e-13
0.27500000000000013,3.901784978816608e-07,4.093802507870712e-06,-3.4715699337554036e-07,-3.642641769106974e-06,-3.901784978816608e-07,-4.093802507870712e-06,3.4715699337554036e-07,3.642641769106974e-06,0.0,0.0,-,6.916043082326586e-15,9.402155354819643e-13,5.474626035570678e-15,7.443607347159872e-13
0.28000000000000014,4.1119961149831673e-07,4.278889359008512e-06,-3.65861474450668e-07,-3.807336640281559e-06,-4.1119961149831673e-07,-4.278889359008512e-06,3.65861474450668e-07,3.807336640281559e-06,0.0,0.0,-,7.76146868480842e-15,1.0317600062151458e-12,6.143899128006763e-15,8.168397961781397e-13
0.28500000000000014,4.3317025401171534e-07,4.472056076290191e-06,-3.8541087210694e-07,-3.979221297263433e-06,-4.3317025401171534e-07,-4.472056076290191e-06,3.8541087210694e-07,3.979221297263433e-06,0.0,0.0,-,8.69965102961129e-15,1.131756433962566e-12,6.886606829697924e-15,8.960108068411141e-13
0.29000000000000015,4.56131914579246e-07,4.67366688211802e-06,-4.0584210237014825e-07,-4.158620180148328e-06,-4.56131914579246e-07,-4.67366688211802e-06,4.0584210237014825e-07,4.158620180148328e-06,0.0,0.0,-,9.739932647099934e-15,1.2409722445876e-12,7.710145889979034e-15,9.824814158547989e-13
0.29500000000000015,4.801279524248186e-07,4.884104204520897e-06,-4.271937494872014e-07,-4.345872526018381e-06,-4.801279524248186e-07,-4.884104204520897e-06,4.271937494872014e-07,4.345872526018381e-06,0.0,0.0,-,1.089254690059818e-14,1.3602446139906935e-12,8.622618387983704e-15,1.0769144559168058e-12
0.30000000000000016,5.052036833465239e-07,5.103764514105898e-06,-4.495061345379079e-07,-4.541331697370839e-06,-5.052036833465239e-07,-5.103764514105898e-06,4.495061345379079e-07,4.541331697370839e-06,0.0,0.0,-,1.2168700708932654e-14,1.4904866750679267e-12,9.632897212919763e-15,1.1800329238445315e-12
0.30500000000000016,5.314064592794475e-07,5.33306242894438e-06,-4.728213920403645e-07,-4.745366750984755e-06,-5.314064592794475e-07,-5.33306242894438e-06,4.728213920403645e-07,4.745366750984755e-06,0.0,0.0,-,1.3580664833752251e-14,1.6326944494230174e-12,1.0750697556774705e-14,1.2926254518512897e-12
0.31000000000000016,5.587857583458922e-07,5.57243073098057e-06,-4.971835505531479e-07,-4.9583629286782015e-06,-5.587857583458922e-07,-5.57243073098057e-06,4.971835505531479e-07,4.9583629286782015e-06,0.0,0.0,-,1.5141872452403222e-14,1.7879543706809008e-12,1.198665497147788e-14,1.4155522665137411e-12
0.31500000000000017,5.873932827140694e-07,5.82232221526662e-06,-5.22638615942042e-07,-5.180722662160819e-06,-5.873932827140694e-07,-5.82232221526662e-06,5.22638615942042e-07,5.180722662160819e-06,0.0,0.0,-,1.6867026795291277e-14,1.957451550572837e-12,1.3352410585846947e-14,1.5497517030248746e-12
0.3200000000000002,6.172830606851392e-07,6.083208940061111e-06,-5.492346593097012e-07,-5.412865901979728e-06,-6.172830606851392e-07,-6.083208940061111e-06,5.492346593097012e-07,5.412865901979728e-06,0.0,0.0,-,1.8772218680335345e-14,2.1424787056150345e-12,1.4860704140782167e-14,1.6962472893889487e-12
0.3250000000000002,6.485115320890638e-07,6.355582208334746e-06,-5.770219047032687e-07,-5.655230666050873e-06,-6.485115320890638e-07,-6.355582208334746e-06,5.770219047032687e-07,5.655230666050873e-06,0.0,0.0,-,2.0875054716597872e-14,2.3444458316495403e-12,1.652547553331911e-14,1.85615545882016e-12
0.3300000000000002,6.811376600413009e-07,6.639956387973652e-06,-6.060528243715124e-07,-5.908274643564332e-06,-6.811376600413009e-07,-6.639956387973652e-06,6.060528243715124e-07,5.908274643564332e-06,0.0,0.0,-,2.3194797276230568e-14,2.564890935820501e-12,1.8361975662962546e-14,2.0306940051390865e-12
0.3350000000000002,7.152230571541939e-07,6.9368701615085096e-06,-6.363822413494331e-07,-6.172476134153097e-06,-7.152230571541939e-07,-6.9368701615085096e-06,6.363822413494331e-07,6.172476134153097e-06,0.0,0.0,-,2.5752517383655527e-14,2.8054917740086368e-12,2.0386887448487188e-14,2.2211913132725347e-12
0.3400000000000002,7.508320949654586e-07,7.246884284136932e-06,-6.680674304885595e-07,-6.448334075865789e-06,-7.508320949654586e-07,-7.246884284136932e-06,6.680674304885595e-07,6.448334075865789e-06,0.0,0.0,-,2.8571261557806624e-14,3.0680784331469914e-12,2.261845790688512e-14,2.4290963750423944e-12
0.3450000000000002,7.880320169875704e-07,7.57058286126317e-06,-7.011682281469825e-07,-6.736369045965405e-06,-7.880320169875704e-07,-7.57058286126317e-06,7.011682281469825e-07,6.736369045965405e-06,0.0,0.0,-,3.1676233856794117e-14,3.35464705744325e-12,2.5076642327699015e-14,2.655989714659599e-12
0.3500000000000002,8.268930688483577e-07,7.908577033491477e-06,-7.357471403250775e-07,-7.037124937634936e-06,-8.268930688483577e-07,-7.908577033491477e-06,7.357471403250775e-07,7.037124937634936e-06,0.0,0.0,-,3.509499459334139e-14,3.6673750109165946e-12,2.7783261600181664e-14,2.903595351599017e-12
0.3550000000000002,8.674886325181823e-07,8.26150494226614e-06,-7.718694670104839e-07,-7.351169667536368e-06,-8.674886325181823e-07,-8.26150494226614e-06,7.718694670104839e-07,7.351169667536368e-06,0.0,0.0,-,3.885767723108272e-14,4.008637330472034e-12,3.076217397069691e-14,3.1737938290035507e-12
0.3600000000000002,9.098953713174728e-07,8.63003542167656e-06,-8.096034223042366e-07,-7.679096916670246e-06,-9.098953713174728e-07,-8.63003542167656e-06,8.096034223042366e-07,7.679096916670246e-06,0.0,0.0,-,4.2997225164807534e-14,4.3810248873689955e-12,3.4039462477730575e-14,3.4686364762816235e-12
0.3650000000000002,9.541933661596411e-07,9.014861793121754e-06,-8.490202643168593e-07,-8.021525244984215e-06,-9.541933661596411e-07,-9.014861793121754e-06,8.490202643168593e-07,8.021525244984215e-06,0.0,0.0,-,4.754965006492287e-14,4.7873635531144274e-12,3.7643639523833926e-14,3.7903608125612195e-12
0.3700000000000002,1.0004662657866926e-06,9.41671147812777e-06,-8.901944270628596e-07,-8.379101490294956e-06,-1.0004662657866926e-06,-9.41671147812777e-06,8.901944270628596e-07,8.379101490294956e-06,0.0,0.0,-,5.255431380980872e-14,5.230735828425945e-12,4.160587011370279e-14,4.141407521484535e-12
0.3750000000000002,1.048801449701901e-06,9.836343313520894e-06,-9.332036647897225e-07,-8.752500899058668e-06,-1.048801449701901e-06,-9.836343313520894e-06,9.332036647897225e-07,8.752500899058668e-06,0.0,0.0,-,5.805423621429277e-14,5.714504077333181e-12,4.596021551358764e-14,4.52443888142465e-12
0.3800000000000002,1.0992901949319175e-06,1.027455046209264e-05,-9.78129196973038e-07,-9.142428798943787e-06,-1.0992901949319175e-06,-1.027455046209264e-05,9.78129196973038e-07,9.142428798943787e-06,0.0,0.0,-,6.409643087766005e-14,6.242336013323622e-12,5.074389914344325e-14,4.942358903143434e-12
0.38500000000000023,1.1520278429446342e-06,1.0732159073732144e-05,-1.0250558610831888e-06,-9.549621168585623e-06,-1.1520278429446342e-06,-1.0732159073732144e-05,1.0250558610831888e-06,9.549621168585623e-06,0.0,0.0,-,7.073227163225839e-14,6.818232205243079e-12,5.599759673514824e-14,5.398335225460928e-12
0.39000000000000024,1.2071139804983662e-06,1.1210034534658446e-05,-1.0740722737897328e-06,-9.974847287080843e-06,-1.2071139804983662e-06,-1.1210034534658446e-05,1.0740722737897328e-06,9.974847287080843e-06,0.0,0.0,-,7.801789244183144e-14,7.446556576584254e-12,6.176575298176748e-14,5.895823117463849e-12
0.39500000000000024,1.264652631839289e-06,1.1709078570969818e-05,-1.1252709988271259e-06,-1.0418909969389137e-05,-1.264652631839289e-06,-1.1709078570969818e-05,1.1252709988271259e-06,1.0418909969389137e-05,0.0,0.0,-,8.601462383792165e-14,8.132069181489977e-12,6.809692708577447e-14,6.4385915422150305e-12
0.40000000000000024,1.32475245775895e-06,1.2230234910151503e-05,-1.1787487208556466e-06,-1.0882648146378016e-05,-1.32475245775895e-06,-1.2230234910151503e-05,1.1787487208556466e-06,1.0882648146378016e-05,0.0,0.0,-,9.478946920961355e-14,8.87996241127742e-12,7.504416982036859e-14,7.030751695604356e-12
0.40500000000000025,1.3875269490935235e-06,1.2774487363059614e-05,-1.23460642887024e-06,-1.1366937454777836e-05,-1.3875269490935235e-06,-1.2774487363059614e-05,1.23460642887024e-06,1.1366937454777836e-05,0.0,0.0,-,1.0441562438191747e-13,9.69590004822227e-12,8.266543499140723e-14,7.676788031108512e-12
0.41000000000000025,1.4530946535506376e-06,1.3342863241811748e-05,-1.2929496069368338e-06,-1.1872692310125491e-05,-1.4530946535506376e-06,-1.3342863241811748e-05,1.2929496069368338e-06,1.1872692310125491e-05,0.0,0.0,-,1.149730447428047e-13,1.0586060045670727e-11,9.10240284217978e-14,8.381592144563077e-12
0.41500000000000026,1.5215793832910626e-06,1.3936434173320975e-05,-1.353888428703411e-06,-1.2400867330596956e-05,-1.5215793832910626e-06,-1.3936434173320975e-05,1.353888428703411e-06,1.2400867330596956e-05,0.0,0.0,-,1.2654906384108675e-13,1.155718103300727e-11,1.0018909780868276e-13,9.150499697318413e-12
0.42000000000000026,1.5931104639614654e-06,1.4556323695626144e-05,-1.417537973227367e-06,-1.2952460636549907e-05,-1.5931104639614654e-06,-1.4556323695626144e-05,1.417537973227367e-06,1.2952460636549907e-05,0.0,0.0,-,1.3923906859300435e-13,1.2616613830666507e-11,1.1023616733639053e-13,9.989330880025287e-12
0.42500000000000027,1.6678229781421974e-06,1.5203701179392675e-05,-1.484018436806062e-06,-1.3528513532854387e-05,-1.6678229781421974e-06,-1.5203701179392675e-05,1.484018436806062e-06,1.3528513532854387e-05,0.0,0.0,-,1.5314723602509991e-13,1.3772376478427839e-11,1.2124772094029208e-13,1.090443427206841e-11
0.43000000000000027,1.7458580116129204e-06,1.58797887994665e-05,-1.5534553625709446e-06,-1.413011375486199e-05,-1.7458580116129204e-06,-1.58797887994665e-05,1.5534553625709446e-06,1.413011375486199e-05,0.0,0.0,-,1.6838733700866502e-13,1.5033214940006148e-11,1.3331383875779422e-13,1.190273484569511e-11
0.4350000000000003,1.827362923553664e-06,1.6585863727600833e-05,-1.6259798758548298e-06,-1.4758397491472629e-05,-1.827362923553664e-06,-1.6585863727600833e-05,1.6259798758548298e-06,1.4758397491472629e-05,0.0,0.0,-,1.8508361328055802e-13,1.6408669317958875e-11,1.4653289154121866e-13,1.299178632827664e-11
0.4400000000000003,1.9124916267050107e-06,1.7323259729706868e-05,-1.7017289326598131e-06,-1.5414551311768853e-05,-1.9124916267050107e-06,-1.7323259729706868e-05,1.7017289326598131e-06,1.5414551311768853e-05,0.0,0.0,-,2.0337173439164192e-13,1.7909145956273295e-11,1.6101229834247622e-13,1.4179828288992414e-11
0.4450000000000003,2.0014048827666476e-06,1.8093369125134726e-05,-1.7808455796715057e-06,-1.609981425582077e-05,-2.0014048827666476e-06,-1.8093369125134726e-05,1.7808455796715057e-06,1.609981425582077e-05,0.0,0.0,-,2.2339984191545284e-13,1.954599598776519e-11,1.7686935323565395e-13,1.5475848384352065e-11
0.4500000000000003,2.0942705918015856e-06,1.8897645559958838e-05,-1.8634792218227783e-06,-1.681548021299964e-05,-2.0942705918015856e-06,-1.8897645559958838e-05,1.8634792218227783e-06,1.681548021299964e-05,0.0,0.0,-,2.453296884738777e-13,2.1331601026314353e-11,1.942321272864801e-13,1.6889650258320978e-11
0.4550000000000003,2.1912641247027087e-06,1.9737609467821623e-05,-1.9497859054006372e-06,-1.7562901094952604e-05,-2.1912641247027087e-06,-1.9737609467821623e-05,1.9497859054006372e-06,1.7562901094952604e-05,0.0,0.0,-,2.6933788079492337e-13,2.3279467163835562e-11,2.1324045267097502e-13,1.8431927732676416e-11
0.4600000000000003,2.292568642999896e-06,2.061484473219281e-05,-2.03992861447577e-06,-1.834348772049592e-05,-2.292568642999896e-06,-2.061484473219281e-05,2.03992861447577e-06,1.834348772049592e-05,0.0,0.0,-,2.9561723570925533e-13,2.5404326280497654e-11,2.340469964317602e-13,2.011434544143634e-11
0.4650000000000003,2.398375448756292e-06,2.1531009901795886e-05,-2.1340775746595627e-06,-1.915871468945704e-05,-2.398375448756292e-06,-2.1531009901795886e-05,2.1340775746595627e-06,1.915871468945704e-05,0.0,0.0,-,3.243782596752401e-13,2.772224821745382e-11,2.5681843190508445e-13,2.1949627184196427e-11
0.4700000000000003,2.5088843532961643e-06,2.248783476065799e-05,-2.2324105795096745e-06,-2.0010121404427117e-05,-2.5088843532961643e-06,-2.248783476065799e-05,2.2324105795096745e-06,2.0010121404427117e-05,0.0,0.0,-,3.558507631663117e-13,3.025076177856711e-11,2.8173671688261805e-13,2.3951651977295988e-11
0.4750000000000003,2.624304040409194e-06,2.348712522854189e-05,-2.335113323374895e-06,-2.0899315416773857e-05,-2.624304040409194e-06,-2.348712522854189e-05,2.335113323374895e-06,2.0899315416773857e-05,0.0,0.0,-,3.902856216488518e-13,3.3008987036073154e-11,3.090004880476328e-13,2.6135558901744997e-11
0.4800000000000003,2.7448524671442283e-06,2.4530768387213727e-05,-2.442379750227224e-06,-2.1827975896407375e-05,-2.7448524671442283e-06,-2.4530768387213727e-05,2.442379750227224e-06,2.1827975896407375e-05,0.0,0.0,-,4.2795669698079065e-13,3.6017780024408775e-11,3.3882658226923285e-13,2.8517861560415707e-11
0.4850000000000003,2.8707572765039513e-06,2.5620735518203613e-05,-2.554412423144088e-06,-2.2797856661232988e-05,-2.8707572765039513e-06,-2.5620735518203613e-05,2.554412423144088e-06,2.2797856661232988e-05,0.0,0.0,-,4.691629336837926e-13,3.929989046687748e-11,3.7145169640679716e-13,3.1116572902146334e-11
0.4900000000000003,3.0022562288296112e-06,2.6759085511609247e-05,-2.6714229077793785e-06,-2.381078940495715e-05,-3.0022562288296112e-06,-2.6759085511609247e-05,2.6714229077793785e-06,2.381078940495715e-05,0.0,0.0,-,5.142306460015236e-13,4.288013375396556e-11,4.0713419816783933e-13,3.3951341362582435e-11
0.49500000000000033,3.1395976470497797e-06,2.7947967394251293e-05,-2.793632167380802e-06,-2.4868686790997584e-05,-3.1395976470497797e-06,-2.7947967394251293e-05,2.793632167380802e-06,2.4868686790997584e-05,0.0,0.0,-,5.635160129283262e-13,4.6785578161316234e-11,4.4615610160096315e-13,3.704359927612613e-11
0.5000000000000003,3.2830408873488123e-06,2.9189625686928874e-05,-2.921270985340762e-06,-2.5973546413145308e-05,-3.2830408873488123e-06,-2.9189625686928874e-05,2.921270985340762e-06,2.5973546413145308e-05,0.0,0.0,-,6.174078002683466e-13,5.1045749400031326e-11,4.888252224499321e-13,4.0416724842505197e-11
0.5050000000000003,3.4328568287814123e-06,3.048640689559829e-05,-3.0545803957408515e-06,-2.7127455173121294e-05,-3.4328568287814123e-06,-3.048640689559829e-05,3.0545803957408515e-06,2.7127455173121294e-05,0.0,0.0,-,6.763303303029025e-13,5.5692854427051246e-11,5.354775294201538e-13,4.4096218963353724e-11
0.5100000000000003,3.589328386194803e-06,3.1840757854501105e-05,-3.1938121416519152e-06,-2.8332591585751075e-05,-3.589328386194803e-06,-3.1840757854501105e-05,3.1938121416519152e-06,2.8332591585751075e-05,0.0,0.0,-,7.407467216226215e-13,6.076202373079612e-11,5.864797094009698e-13,4.810989769317859e-11
0.5150000000000003,3.752751042000526e-06,3.3255238852742305e-05,-3.3392291520858595e-06,-2.959123217834938e-05,-3.752751042000526e-06,-3.3255238852742305e-05,3.3392291520858595e-06,2.959123217834938e-05,0.0,0.0,-,8.111624235388017e-13,6.629157828656083e-11,6.422319660516701e-13,5.248810280234349e-11
0.5200000000000004,3.92343340404568e-06,3.473251804097191e-05,-3.4911060340465013e-06,-3.090575298780321e-05,-3.92343340404568e-06,-3.473251804097191e-05,3.4911060340465013e-06,3.090575298780321e-05,0.0,0.0,-,8.881290719187091e-13,7.232331733389303e-11,7.031710727564496e-13,5.726393064105903e-11
0.5250000000000004,4.101697793638957e-06,3.627538771151776e-05,-3.6497295958887005e-06,-3.227863706824362e-05,-4.101697793638957e-06,-3.627538771151776e-05,3.6497295958887005e-06,3.227863706824362e-05,0.0,0.0,-,9.722486958704226e-13,7.89028361019977e-11,7.697737033719791e-13,6.247348269597599e-11
0.5300000000000004,4.2878808480283985e-06,3.788675946372111e-05,-3.815399384444259e-06,-3.371247646420736e-05,-4.2878808480283985e-06,-3.788675946372111e-05,3.815399384444259e-06,3.371247646420736e-05,0.0,0.0,-,1.0641783067048664e-12,8.607986881530702e-11,8.425600656860673e-13,6.815613804272467e-11
0.5350000000000004,4.482334152979615e-06,3.956967691478872e-05,-3.988428252789973e-06,-3.520997904302033e-05,-4.482334152979615e-06,-3.956967691478872e-05,3.988428252789973e-06,3.520997904302033e-05,0.0,0.0,-,1.1646349039997039e-12,9.390866547101085e-11,9.220978653243337e-13,7.435485116377434e-11
0.5400000000000004,4.685424918409779e-06,4.132731766861575e-05,-4.169142951330378e-06,-3.6773972593318466e-05,-4.685424918409779e-06,-4.132731766861575e-05,4.169142951330378e-06,3.6773972593318466e-05,0.0,0.0,-,1.2744009373299805e-12,1.0244840139942425e-10,1.0090066300674726e-12,8.111647646524503e-11
0.5450000000000004,4.897536658207101e-06,4.316300137725732e-05,-4.357884743749477e-06,-3.8407410718772056e-05,-4.897536658207101e-06,-4.316300137725732e-05,4.357884743749477e-06,3.8407410718772056e-05,0.0,0.0,-,1.3943302639223925e-12,1.1176362483888984e-10,1.103962427266495e-12,8.849212245584727e-11
0.5500000000000004,5.119069928629144e-06,4.5080194859313596e-05,-4.555010054048727e-06,-4.0113378106370155e-05,-5.119069928629144e-06,-4.5080194859313596e-05,4.555010054048727e-06,4.0113378106370155e-05,0.0,0.0,-,1.5253546485933685e-12,1.2192474468165827e-10,1.20770301022892e-12,9.653753797137036e-11
0.5550000000000004,5.3504430764085905e-06,4.70825176289977e-05,-4.760891136233558e-06,-4.189509607851703e-05,-5.3504430764085905e-06,-4.70825176289977e-05,4.760891136233558e-06,4.189509607851703e-05,0.0,0.0,-,1.6684908541628117e-12,1.3300856201308269e-10,1.3210334322842563e-12,1.0531353334851124e-10
0.5600000000000004,5.592093026644088e-06,4.917375191061587e-05,-4.975916779082959e-06,-4.375592953035337e-05,-5.592093026644088e-06,-4.917375191061587e-05,4.975916779082959e-06,4.375592953035337e-05,0.0,0.0,-,1.824848376256019e-12,1.450988513979167e-10,1.444832171246053e-12,1.148864401938375e-10
0.5650000000000004,5.844476114497029e-06,5.1357846594501604e-05,-5.200493041561204e-06,-4.569939242781176e-05,-5.844476114497029e-06,-5.1357846594501604e-05,5.200493041561204e-06,4.569939242781176e-05,0.0,0.0,-,1.9956378815206504e-12,1.582869934320385e-10,1.5800578106226857e-12,1.2532861253519322e-10
0.5700000000000004,6.108068942046016e-06,5.3638925456022035e-05,-5.4350440157631205e-06,-4.772915464826977e-05,-6.108068942046016e-06,-5.3638925456022035e-05,5.4350440157631205e-06,4.772915464826977e-05,0.0,0.0,-,2.182180412524586e-12,1.7267266505242194e-10,1.7277563278890983e-12,1.367189735523855e-10
0.5750000000000004,6.38336928041581e-06,5.602129689926771e-05,-5.680012632269863e-06,-4.9849049436310904e-05,-6.38336928041581e-06,-5.602129689926771e-05,5.680012632269863e-06,4.9849049436310904e-05,0.0,0.0,-,2.3859174293753675e-12,1.8836459358380148e-10,1.8890690454028246e-12,1.4914361220090434e-10
0.5800000000000004,6.670897013671192e-06,5.850946044062359e-05,-5.935861495036644e-06,-5.2063080198691654e-05,-6.670897013671192e-06,-5.850946044062359e-05,5.935861495036644e-06,5.2063080198691654e-05,0.0,0.0,-,2.608421764210404e-12,2.0548137838906598e-10,2.065241303844118e-12,1.6269643379978136e-10
0.5850000000000004,6.971195111643521e-06,6.110811282340804e-05,-6.203073752029615e-06,-5.437542742441516e-05,-6.971195111643521e-06,-6.110811282340804e-05,6.203073752029615e-06,5.437542742441516e-05,0.0,0.0,-,2.851409570633417e-12,2.2415238565325782e-10,2.257631923709712e-12,1.7747986933772056e-10
0.5900000000000004,7.284830658295919e-06,6.382216286574591e-05,-6.482154010049653e-06,-5.6790458185082204e-05,-7.284830658295919e-06,-6.382216286574591e-05,6.482154010049653e-06,5.6790458185082204e-05,0.0,0.0,-,3.116753359233658e-12,2.445187280175668e-10,2.467723526759726e-12,1.9360565004207842e-10
0.5950000000000004,7.612395929050041e-06,6.665673573411459e-05,-6.773629291078463e-06,-5.931273303960319e-05,-7.612395929050041e-06,-6.665673573411459e-05,6.773629291078463e-06,5.931273303960319e-05,0.0,0.0,-,3.4064962181367463e-12,2.667343301112048e-10,2.697133795624507e-12,2.111956515452146e-10
0.6000000000000004,7.954509504391652e-06,6.961718475947804e-05,-7.0780500205991255e-06,-6.194701522098452e-05,-7.954509504391652e-06,-6.961718475947804e-05,7.0780500205991255e-06,6.194701522098452e-05,0.0,0.0,-,3.7228673254140325e-12,2.9096709218038134e-10,2.9476277560950237e-12,2.3038281501915907e-10
0.6050000000000004,8.311817436195299e-06,7.270909932591351e-05,-7.395991072760054e-06,-6.469827903444335e-05,-8.311817436195299e-06,-7.270909932591351e-05,7.395991072760054e-06,6.469827903444335e-05,0.0,0.0,-,4.068298870877234e-12,3.1740015780430914e-10,3.221131175836756e-12,2.5131215156925256e-10
0.6100000000000004,8.684994467586813e-06,7.593831818113054e-05,-7.728052851954261e-06,-6.757171999139264e-05,-8.684994467586813e-06,-7.593831818113054e-05,7.728052851954261e-06,6.757171999139264e-05,0.0,0.0,-,4.445444515387302e-12,3.4623329864520225e-10,3.5197451802497485e-12,2.7414183828222843e-10
0.6150000000000004,9.074745310207548e-06,7.931094020594519e-05,-8.074862429687741e-06,-7.05727645515609e-05,-9.074745310207548e-06,-7.931094020594519e-05,8.074862429687741e-06,7.05727645515609e-05,0.0,0.0,-,4.857199527612972e-12,3.7768442482695733e-10,3.845762196541662e-12,2.990444137644787e-10
0.6200000000000004,9.481805975337595e-06,8.28333339990211e-05,-8.437074724746548e-06,-7.370707985128187e-05,-9.481805975337595e-06,-8.28333339990211e-05,8.437074724746548e-06,7.370707985128187e-05,0.0,0.0,-,5.3067227503827106e-12,4.119912309339243e-10,4.201683346096447e-12,3.262080818654949e-10
0.6250000000000004,9.906945160682582e-06,8.651215135454831e-05,-8.815373746646593e-06,-7.69805847953197e-05,-9.906945160682582e-06,-8.651215135454831e-05,8.815373746646593e-06,7.69805847953197e-05,0.0,0.0,-,5.797460562466571e-12,4.4941299259388567e-10,4.590237417561777e-12,3.55838134042642e-10
0.6300000000000004,1.035096570477596e-05,9.03543391326317e-05,-9.21047388038372e-06,-8.039946104859522e-05,-1.035096570477596e-05,-9.03543391326317e-05,9.21047388038372e-06,8.039946104859522e-05,0.0,0.0,-,6.333173017573812e-12,4.902325255943588e-10,5.014401563067931e-12,3.8815850072716493e-10
0.6350000000000005,1.0814706098764995e-05,9.436715279590433e-05,-9.623121238241276e-06,-8.397016482195204e-05,-1.0814706098764995e-05,-9.436715279590433e-05,9.623121238241276e-06,8.397016482195204e-05,0.0,0.0,-,6.917962357587136e-12,5.347583232283865e-10,5.477423874897383e-12,4.234134436282939e-10
0.6400000000000005,1.1299042076692861e-05,9.855817075994616e-05,-1.0054095070661518e-05,-8.769943923850984e-05,-1.1299042076692861e-05,-9.855817075994616e-05,1.0054095070661518e-05,8.769943923850984e-05,0.0,0.0,-,7.556304116841515e-12,5.833268883461201e-10,5.982848013346885e-12,4.6186940184203935e-10
0.6450000000000005,1.1804888266091961e-05,0.00010293530728452129,-1.050420923706911e-05,-9.159432668628385e-05,-1.1804888266091961e-05,-0.00010293530728452129,1.050420923706911e-05,9.159432668628385e-05,0.0,0.0,-,8.253081051716095e-12,6.363052757749143e-10,6.534540071827526e-12,5.038170052476079e-10
0.6500000000000005,1.2333199913034916e-05,0.00010750682849932964,-1.0974313738422967e-05,-9.566218240719561e-05,-1.2333199913034916e-05,-0.00010750682849932964,1.0974313738422967e-05,9.566218240719561e-05,0.0,0.0,-,9.013620152190519e-12,6.940938666448357e-10,7.136717881974222e-12,5.495732709621458e-10
0.6550000000000005,1.2884974689923245e-05,0.00011228136722689766,-1.1465296329038059e-05,-9.991068817541522e-05,-1.2884974689923245e-05,-0.00011228136722689766,1.1465296329038059e-05,9.991068817541522e-05,0.0,0.0,-,9.843733015990333e-12,7.571293937765429e-10,7.79398298153749e-12,5.994839990205711e-10
0.6600000000000005,1.3461254574008497e-05,0.0001172679391964278,-1.1978084187026976e-05,-0.00010434786678017771,-1.3461254574008497e-05,-0.0001172679391964278,1.1978084187026976e-05,0.00010434786678017771,0.0,0.0,-,1.0749759889521658e-11,8.258882415934285e-10,8.51135548549502e-12,6.539263855284397e-10
0.6650000000000005,1.4063127820982313e-05,0.00012247596166831267,-1.2513645670006646e-05,-0.00010898209760541074,-1.4063127820982313e-05,-0.00012247596166831267,1.2513645670006646e-05,0.00010898209760541074,0.0,0.0,-,1.1738617710068092e-11,9.008900475263185e-10,9.2943121252674e-12,7.133118735208162e-10
0.6700000000000005,1.4691731014752007e-05,0.00012791526873670022,-1.3072992140749057e-05,-0.00011382213178702817,-1.4691731014752007e-05,-0.00012791526873670022,1.3072992140749057e-05,0.00011382213178702817,0.0,0.0,-,1.2817852511117222e-11,9.827016274062298e-10,1.0148827742827834e-11,7.780892619435342e-10
0.6750000000000005,1.534825121744576e-05,0.0001335961331392681,-1.3657179877431036e-05,-0.00011887710960890078,-1.534825121744576e-05,-0.0001335961331392681,1.3657179877431036e-05,0.00011887710960890078,0.0,0.0,-,1.399569658828635e-11,1.0719412613550552e-09,1.108142055385037e-11,8.487480978883673e-10
0.6800000000000005,1.6033928214544564e-05,0.00013952928330000251,-1.4267312069815245e-05,-0.0001241565771303559,-1.6033928214544564e-05,-0.00013952928330000251,1.4267312069815245e-05,0.0001241565771303559,0.0,0.0,-,1.528113085823219e-11,1.169283365846117e-09,1.2099201522337851e-11,9.258223761119975e-10
0.6850000000000005,1.6750056852199944e-05,0.00014572592313012402,-1.4904540903138804e-05,-0.0001296705040903441,-1.6750056852199944e-05,-0.00014572592313012402,1.4904540903138804e-05,0.0001296705040903441,0.0,0.0,-,1.6683952880991843e-11,1.275463589206751e-09,1.320992822000454e-11,1.0098945742672172e-09
0.6900000000000005,1.7497989477658407e-05,0.00015219775302308672,-1.557006973126388e-05,-0.00013542930269053492,-1.7497989477658407e-05,-0.00015219775302308672,1.557006973126388e-05,0.00013542930269053492,0.0,0.0,-,1.8214851059793067e-11,1.3912843693331336e-09,1.4422063577186639e-11,1.10160005440344e-09
0.6950000000000005,1.827913849149328e-05,0.000158956994835582,-1.6265155347083773e-05,-0.00014144384803282625,-1.827913849149328e-05,-0.000158956994835582,1.6265155347083773e-05,0.00014144384803282625,0.0,0.0,-,1.9885485579749026e-11,1.5176210003689299e-09,1.574483996951048e-11,1.2016318651351064e-09
0.7000000000000005,1.9094979023702772e-05,0.00016601641216238945,-1.699111036039862e-05,-0.00014772549790222024,-1.9094979023702772e-05,-0.00016601641216238945,1.699111036039862e-05,0.00014772549790222024,0.0,0.0,-,2.170857669932727e-11,1.655428245905292e-09,1.7188329125906708e-11,1.310745978787401e-09
0.7050000000000005,1.994705172198883e-05,0.0001733893390656199,-1.774930567748753e-05,-0.00015428611545842874,-1.994705172198883e-05,-0.0001733893390656199,1.774930567748753e-05,0.00015428611545842874,0.0,0.0,-,2.369800106132576e-11,1.8057475604133547e-09,1.8763518386071164e-11,1.429767005903659e-09
0.7100000000000005,2.0836965660260595e-05,0.00018108969774804565,-1.8541173088372337e-05,-0.0001611380896217871,-2.0836965660260595e-05,-0.00018108969774804565,1.8541173088372337e-05,0.0001611380896217871,0.0,0.0,-,2.5868896750960158e-11,1.9697149535657475e-09,2.048239388353608e-11,1.5595944255384546e-09
0.7150000000000005,2.1766401361247522e-05,0.00018913202804666837,-1.936820796732413e-05,-0.00016829435932909785,-2.1766401361247522e-05,-0.00018913202804666837,1.936820796732413e-05,0.00016829435932909785,0.0,0.0,-,2.823777789205475e-11,2.1485695737309763e-09,2.2358031282863673e-11,1.7012093824484123e-09
0.7200000000000005,2.2737113986796865e-05,0.00019753151839062302,-2.0231972101933587e-05,-0.00017576843890798027,-2.2737113986796865e-05,-0.00019753151839062302,2.0231972101933587e-05,0.00017576843890798027,0.0,0.0,-,3.082265965429772e-11,2.343663077519502e-09,2.440469475853077e-11,1.8556821030291544e-09
0.7250000000000005,2.375093664327537e-05,0.00020630402948903451,-2.1134096635868193e-05,-0.00018357444225587161,-2.375093664327537e-05,-0.00020630402948903451,2.1134096635868193e-05,0.00018357444225587161,0.0,0.0,-,3.364319461146213e-11,2.556469840436564e-09,2.663794496160185e-11,2.024179982276926e-09
0.7300000000000005,2.480978384353858e-05,0.0002154661272219341,-2.2076285154404097e-05,-0.00019172711028223375,-2.480978384353858e-05,-0.0002154661272219341,2.2076285154404097e-05,0.00019172711028223375,0.0,0.0,-,3.672082148327767e-11,2.788598100336658e-09,2.9074756792694666e-11,2.2079764063628054e-09
0.7350000000000005,2.591565513513244e-05,0.00022503511618543327,-2.306031690473907e-05,-0.0002002418393535718,-2.591565513513244e-05,-0.00022503511618543327,2.306031690473907e-05,0.0002002418393535718,0.0,0.0,-,4.0078927388693255e-11,3.0418021179196154e-09,3.173364787142964e-11,2.408460377501314e-09
0.7400000000000005,2.7070638861181696e-05,0.00023502906399745525,-2.4088050147533865e-05,-0.00020913470811898625,-2.7070638861181696e-05,-0.00023502906399745525,2.4088050147533865e-05,0.00020913470811898625,0.0,0.0,-,4.374302483045586e-11,3.3179954225372154e-09,3.463481867098017e-11,2.627147008201382e-09
0.7450000000000006,2.827691610798821e-05,0.0002454668434944734,-2.516142566832565e-05,-0.000218422510043116,-2.827691610798821e-05,-0.0002454668434944734,2.516142566832565e-05,0.000218422510043116,0.0,0.0,-,4.774094475334688e-11,3.619265278812917e-09,3.780030537929356e-11,2.8656889726690575e-09
0.7500000000000006,2.9536764827118992e-05,0.00025636816667345535,-2.6282470448369487e-05,-0.00022812278466308205,-2.9536764827118992e-05,-0.00025636816667345535,2.6282470448369487e-05,0.00022812278466308205,0.0,0.0,-,5.2103047135609554e-11,3.94788846323046e-09,4.1254146643640636e-11,3.125888997081252e-09
0.7550000000000006,3.085256413521155e-05,0.0002677536192926297,-2.745330148602611e-05,-0.00023825385000559337,-3.085256413521155e-05,-0.0002677536192926297,2.745330148602611e-05,0.00023825385000559337,0.0,0.0,-,5.686245070419627e-11,4.306348466451973e-09,4.502256545605386e-11,3.409713482293691e-09
0.7600000000000006,3.2226798809282555e-05,0.000279644702539026,-2.8676129798005793e-05,-0.00024883483792951676,-3.2226798809282555e-05,-0.000279644702539026,2.8676129798005793e-05,0.00024883483792951676,0.0,0.0,-,6.205528351166615e-11,4.697354264742675e-09,4.9134167557014245e-11,3.7193073651307357e-09
0.7650000000000006,3.3662063976054886e-05,0.0002920638702008802,-2.995326459358501e-05,-0.0002598857293331721,-3.3662063976054886e-05,-0.0002920638702008802,2.995326459358501e-05,0.0002598857293331721,0.0,0.0,-,6.772095626730622e-11,5.123860786126258e-09,5.3620157856080815e-11,4.05701032668591e-09
0.7700000000000006,3.516107000924815e-05,0.0003050345761544351,-3.128711763378626e-05,-0.0002714273932524817,-3.516107000924815e-05,-0.0003050345761544351,3.128711763378626e-05,0.0002714273932524817,0.0,0.0,-,7.390246048828248e-11,5.589091249374838e-09,5.851457650523271e-11,4.425374475725097e-09
0.7750000000000006,3.6726647657055306e-05,0.0003185813141538908,-3.2680207788621655e-05,-0.0002834816250611925,-3.6726647657055306e-05,-0.0003185813141538908,3.2680207788621655e-05,0.0002834816250611925,0.0,0.0,-,8.064669372890991e-11,6.096561518014939e-09,6.385455641077015e-11,4.82718363446177e-09
0.7800000000000006,3.8361753376850576e-05,0.00033272966523842503,-3.413516579084615e-05,-0.0002960711879391744,-3.8361753376850576e-05,-0.00033272966523842503,3.413516579084615e-05,0.0002960711879391744,0.0,0.0,-,8.800481433964145e-11,6.6501066686633114e-09,6.968060412861292e-11,5.26547437610034e-09
0.7850000000000006,4.006947492741296e-05,0.000347506348824377,-3.565473920731429e-05,-0.0003092198566069047,-4.006947492741296e-05,-0.000347506348824377,3.565473920731429e-05,0.0003092198566069047,0.0,0.0,-,9.603262844443434e-11,7.25390998102956e-09,7.60369062683209e-11,5.7435589747003146e-09
0.7900000000000006,4.185303720298415e-05,0.0003629392689384253,-3.72417976263866e-05,-0.0003229524610875871,-4.185303720298415e-05,-0.0003629392689384253,3.72417976263866e-05,0.0003229524610875871,0.0,0.0,-,1.0479101206000622e-10,7.912534545717354e-09,8.297166372054458e-11,6.265050435312962e-09
0.7950000000000006,4.3715808307829365e-05,0.00037905757005813283,-3.8899338074485874e-05,-0.0003372949344415729,-4.3715808307829365e-05,-0.00037905757005813283,3.8899338074485874e-05,0.0003372949344415729,0.0,0.0,-,1.1434637154004065e-10,8.630957752809236e-09,9.053745623371031e-11,6.833889799312687e-09
0.8000000000000006,4.566130593217827e-05,0.00039589168891038354,-4.063049067779089e-05,-0.00035227436086862396,-4.566130593217827e-05,-0.00039589168891038354,4.063049067779089e-05,0.00035227436086862396,0.0,0.0,-,1.2477114583720054e-10,9.414608899550816e-09,9.879164009730059e-11,7.454375925939675e-09
0.8050000000000006,4.769320397818595e-05,0.00041347341547253233,-4.243852457261999e-05,-0.0003679190278009595,-4.769320397818595e-05,-0.00041347341547253233,4.243852457261999e-05,0.0003679190278009595,0.0,0.0,-,1.361443543657248e-10,1.0269410226063423e-08,1.0779678193680495e-10,8.131197981029692e-09
0.8100000000000006,4.98153395126334e-05,0.00043183595052071096,-4.4326854077383377e-05,-0.0003842584786539682,-4.98153395126334e-05,-0.00043183595052071096,4.4326854077383377e-05,0.0003842584786539682,0.0,0.0,-,1.4855219461951949e-10,1.1201821666874053e-08,1.1762113189879314e-10,8.869470873117003e-09
0.8150000000000006,5.203172001169557e-05,0.0004510139728912301,-4.6299045146087876e-05,-0.0004013235698429503,-5.203172001169557e-05,-0.0004510139728912301,4.6299045146087876e-05,0.0004013235698429503,0.0,0.0,-,1.620886940563969e-10,1.221888968558971e-08,1.2833913980599057e-10,9.674773911674451e-09
0.8200000000000006,5.4346530920219976e-05,0.0004710436957085927,-4.835882209540088e-05,-0.0004191465265651149,-5.4346530920219976e-05,-0.0004710436957085927,4.835882209540088e-05,0.0004191465265651149,0.0,0.0,-,1.7685642117170904e-10,1.3328300501923758e-08,1.4003201817826375e-10,1.0553192965332454e-08
0.8250000000000006,5.6764143561793205e-05,0.0004919629449595638,-5.051007464057836e-05,-0.0004377610063914194,-5.6764143561793205e-05,-0.0004919629449595638,5.051007464057836e-05,0.0004377610063914194,0.0,0.0,-,1.9296726114322839e-10,1.4538438197990193e-08,1.5278835637924774e-10,1.1511366458916597e-08
0.8300000000000006,5.9289123395752384e-05,0.000513811225288726,-5.2756865242255245e-05,-0.0004572021613118934,-5.9289123395752384e-05,-0.000513811225288726,5.2756865242255245e-05,0.0004572021613118934,0.0,0.0,-,2.1054326190841217e-10,1.5858448074153704e-08,1.6670479053019516e-10,1.255653554045793e-08
0.8350000000000006,6.192623862987117e-05,0.0005366297935574737,-5.510343677520084e-05,-0.00047750670383723604,-6.192623862987117e-05,-0.0005366297935574737,5.510343677520084e-05,0.00047750670383723604,0.0,0.0,-,2.2971755706263092e-10,1.7298305750821388e-08,1.8188673425238795e-10,1.369659880150544e-08
0.8400000000000006,6.468046923897944e-05,0.0005604617433483151,-5.755422054368577e-05,-0.0004987129780991027,-6.468046923897944e-05,-0.0005604617433483151,5.755422054368577e-05,0.0004987129780991027,0.0,0.0,-,2.5063537256750377e-10,1.8868892579606554e-08,1.9844917576434406e-10,1.494017197412782e-08
0.8450000000000006,6.755701635200064e-05,0.0005853520768718776,-6.011384464612535e-05,-0.0005208610297148959,-6.755701635200064e-05,-0.0005853520768718776,6.011384464612535e-05,0.0005208610297148959,0.0,0.0,-,2.734551248594262e-10,2.058207784909766e-08,2.1651754735503655e-10,1.629665303550613e-08
0.8500000000000006,7.056131208599816e-05,0.0006113477992826993,-6.278714271919717e-05,-0.0005439926839181667,-7.056131208599816e-05,-0.0006113477992826993,6.278714271919717e-05,0.0005439926839181667,0.0,0.0,-,2.983496186759144e-10,2.2450808507536658e-08,2.3622867380924074e-10,1.7776293236288583e-08
0.8550000000000006,7.3699029806358e-05,0.0006384980008352971,-6.557916306387568e-05,-0.0005681516227664002,-7.3699029806358e-05,-0.0006384980008352971,6.557916306387568e-05,0.0005681516227664002,0.0,0.0,-,3.2550735364790665e-10,2.4489206992890017e-08,2.577318069500327e-10,1.9390274568549053e-08
0.8600000000000007,7.697609482158735e-05,0.0006668539510181137,-6.849517817292359e-05,-0.0005933834680152358,-7.697609482158735e-05,-0.0006668539510181137,6.849517817292359e-05,0.0005933834680152358,0.0,0.0,-,3.5513394951781673e-10,2.6712677952832364e-08,2.8118975411473547e-10,2.1150794269117997e-08
0.8650000000000007,8.039869559456822e-05,0.0006964691985934444,-7.154069469714357e-05,-0.0006197358681368318,-8.039869559456822e-05,-0.0006964691985934444,7.154069469714357e-05,0.0006197358681368318,0.0,0.0,-,3.87453700784357e-10,2.913802467577934e-08,3.0678010910348503e-10,2.307115700039456e-08
0.8700000000000007,8.397329541540826e-05,0.000727399669915669,-7.472146383973219e-05,-0.0006472585875465816,-8.397329541540826e-05,-0.000727399669915669,7.472146383973219e-05,0.0006472585875465816,0.0,0.0,-,4.2271127249897415e-10,3.178357607474646e-08,3.3469659489524706e-10,2.5165875396158542e-08
0.8750000000000007,8.770664461488147e-05,0.0007597037727331459,-7.80434922147073e-05,-0.0006760036000929023,-8.770664461488147e-05,-0.0007597037727331459,7.80434922147073e-05,0.0006760036000929023,0.0,0.0,-,4.611735500469798e-10,3.466932518627134e-08,3.651505282805825e-10,2.745077973285137e-08
0.8800000000000007,9.16057933041559e-05,0.0007934425121660622,-8.151305319361202e-05,-0.0007060251887310815,-9.16057933041559e-05,-0.0007934425121660622,8.151305319361202e-05,0.0007060251887310815,0.0,0.0,-,5.031316568813984e-10,3.78170802868333e-08,3.983724174853056e-10,2.9943137568465165e-08
0.8850000000000007,9.567810470059008e-05,0.0008286796028383362,-8.513669875181908e-05,-0.0007373800472070791,-9.567810470059008e-05,-0.0008286796028383362,8.513669875181908e-05,0.0007373800472070791,0.0,0.0,-,5.489031554768839e-10,4.125062970763482e-08,4.3461370485709563e-10,3.266178423856074e-08
0.8900000000000007,-4.344355473657245e-05,-0.033534386135674644,-4.3757971426242006e-05,0.008608435462663705,4.344355473657245e-05,0.033534386135674644,4.3757971426242006e-05,-0.008608435462663705,0.0,0.0,-,5.583398677176318e-10,5.664025897190279e-06,4.441875051737947e-10,4.0318758981279147e-07
0.8950000000000007,-0.00017394183774004692,-0.023551803630410286,-2.284287460575057e-05,0.0027566237560553613,0.00017394183774004692,0.023551803630410286,2.284287460575057e-05,-0.0027566237560553613,0.0,0.0,-,7.096186822995559e-10,8.437463168417317e-06,4.4679648977506496e-10,4.4118246247503537e-07
0.9000000000000007,-0.0002690870914047838,-0.015491303834681015,-1.4957546880366661e-05,0.0008871493993938186,0.0002690870914047838,0.015491303834681015,1.4957546880366661e-05,-0.0008871493993938186,0.0,0.0,-,1.0716579961029885e-09,9.63736564090933e-06,4.479151308184568e-10,4.451176327592594e-07
0.9050000000000007,-0.0003259629030904515,-0.008530382966080954,-1.1860776912320432e-05,0.0004487560350914799,0.0003259629030904515,0.008530382966080954,1.1860776912320432e-05,-0.0004487560350914799,0.0,0.0,-,1.6029170670587644e-09,1.0001202808649352e-05,4.48618520963276e-10,4.461245426544145e-07
0.9100000000000007,-0.0003492670861006347,-0.0028452221505872602,-1.0628126027930839e-05,0.0002816174979405816,0.0003492670861006347,0.0028452221505872602,1.0628126027930839e-05,-0.0002816174979405816,0.0,0.0,-,2.2128545542249057e-09,1.0041679254080314e-05,4.491833062776039e-10,4.4652108473014607e-07
0.9150000000000007,-0.015981399283925054,-3.129723286873148,0.027347614728629507,3.3207041623261726,0.015981399283925054,3.129723286873148,-0.027347614728629507,-3.3207041623261726,0.0,0.0,-,1.2792384699154271e-06,0.04898588094123443,3.7399093400340486e-06,0.05513582718953662
0.9200000000000007,-0.03162076115553534,-3.129723286873268,0.03625643495075361,1.0821679010136394,0.03162076115553534,3.129723286873268,-0.03625643495075361,-1.0821679010136394,0.0,0.0,-,6.278601150192495e-06,0.09796172020321853,1.0312554716725195e-05,0.06099126401945795
0.9250000000000007,-0.047269512136011646,-3.1297232868733063,0.03919043739609189,0.3643983726612003,0.047269512136011646,3.1297232868733063,-0.03919043739609189,-0.3643983726612003,0.0,0.0,-,1.7450635038075264e-05,0.14693755946520382,1.799200663321019e-05,0.06165519488944861
0.9300000000000007,-0.059126368751409704,-0.49270829336782046,0.04037205579848683,0.2329777457708883,0.059126368751409704,0.49270829336782046,-0.04037205579848683,-0.2329777457708883,0.0,0.0,-,3.4930272446713674e-05,0.14815136677697097,2.6141521080190867e-05,0.06192658803957103
0.9350000000000007,-0.05981520886319824,-0.09945442015372147,0.0414012418534593,0.1937422414578182,0.05981520886319824,0.09945442015372147,-0.0414012418534593,-0.1937422414578182,0.0,0.0,-,5.2819568503453837e-05,0.14820082268541154,3.4711835215234024e-05,0.06211426832019653
0.9400000000000007,-0.06011496954281936,-0.09945442015340067,0.0925828667860484,6.324638811227159,0.06011496954281936,0.09945442015340067,-0.0925828667860484,-6.324638811227159,0.0,0.0,-,7.088861631912435e-05,0.1482502785938518,7.756977132684998e-05,0.2621195487826012
0.9450000000000007,-0.060515061393877995,-0.09945442015361516,0.11039226507803798,2.279267058116214,0.060515061393877995,0.09945442015361516,-0.11039226507803798,-2.279267058116214,0.0,0.0,-,8.919897959664848e-05,0.14829973450229225,0.00013850203227214907,0.2880948403936699
0.9500000000000007,-0.06097958245606677,-0.09945442015368544,0.11728885591976979,0.961789232529047,0.06097958245606677,0.09945442015368544,-0.11728885591976979,-0.961789232529047,0.0,0.0,-,0.00010779152697922973,0.14834919041073277,0.00020728541088699173,0.292720033032714
0.9550000000000007,-0.061470061248731486,-0.09945442015370809,0.12063757174477964,0.5360464744288777,0.061470061248731486,0.09945442015370809,-0.12063757174477964,-0.5360464744288777,0.0,0.0,-,0.00012668436912884374,0.14839864631917332,0.00028005252946937604,0.29415676214645214
0.9600000000000007,-0.061224160328546995,-0.09945442015315109,0.18417588798543225,11.012867945021469,0.061224160328546995,0.09945442015315109,-0.18417588798543225,-11.012867945021469,0.0,0.0,-,0.0001454263581685219,0.14844810222761332,0.0004496563180454886,0.9005730640188597
0.9650000000000007,-0.06125161787251385,-0.09945442015352146,0.21597794558494257,4.112947667970073,0.06125161787251385,0.09945442015352146,-0.21597794558494257,-4.112947667970073,0.0,0.0,-,0.00016418516162852422,0.14849755813605367,0.0006828886829409508,0.9851547566161621
0.9700000000000008,-0.06156380247886439,-0.09945442015364092,0.228980487205156,1.8581628540636448,0.06156380247886439,0.09945442015364092,-0.228980487205156,-1.8581628540636448,0.0,0.0,-,0.00018313567050680737,0.14854701404449416,0.0009450490005445042,1.0024186025772719
0.9750000000000008,-0.061986192174541765,-0.09945442015368,0.23578945623424397,1.1126470794623522,0.061986192174541765,0.09945442015368,-0.23578945623424397,-1.1126470794623522,0.0,0.0,-,0.00020234711060830351,0.14859646995293468,0.0012230323389007067,1.0086085201944524
0.9800000000000008,-0.06244513198454618,-0.09945442015369355,0.2405259495651669,0.8591784704472214,0.06244513198454618,0.09945442015369355,-0.2405259495651669,-0.8591784704472214,0.0,0.0,-,0.0002218440831511405,0.14864592586137523,0.001512296000971833,1.0122994584148526
0.9850000000000008,-0.06243034876302933,-0.09945442015359696,0.2608189337058998,2.706478280824321,0.06243034876302933,0.09945442015359696,-0.2608189337058998,-2.706478280824321,0.0,0.0,-,0.0002413318253845079,0.14869538176981567,0.001852428581869246,1.0489245818377215
0.9900000000000008,-0.05975854177725959,-0.09945442015314754,0.35164605781188285,11.345019043253572,0.05975854177725959,0.09945442015314754,-0.35164605781188285,-11.345019043253572,0.0,0.0,-,0.0002591872419612303,0.14874483767825566,0.0024707033317424368,1.692471867296653
0.9950000000000008,-0.05885279544981492,-0.0994544201534886,0.38788373569011014,4.985290738340073,0.05885279544981492,0.0994544201534886,-0.38788373569011014,-4.985290738340073,0.0,0.0,-,0.0002765054996225191,0.148794293586696,0.0032229722938070136,1.8167374860255496
1.0000000000000007,-0.05863083375310563,-0.09945442015359873,0.4063907442100648,2.90459457566819,0.05863083375310563,0.09945442015359873,-0.4063907442100648,-2.90459457566819,0.0,0.0,-,0.0002936933729554403,0.14884374949513643,0.004048739478705048,1.858920834270554
1.0050000000000006,-0.05862509379271069,-0.09945442015363559,0.41900288000520886,2.1962578289821706,0.05862509379271069,0.09945442015363559,-0.41900288000520886,-2.1962578289821706,0.0,0.0,-,0.00031087788106646055,0.1488932054035769,0.0049265565459683264,1.883038576527381
1.0100000000000005,-0.058656046582134136,-0.09945442015365002,0.4295618891079935,1.9310614690958607,0.058656046582134136,0.09945442015365002,-0.4295618891079935,-1.9310614690958607,0.0,0.0,-,0.0003280805400696876,0.1489426613120174,0.0058491736288384475,1.901683568514514
1.0150000000000003,-0.05497651095725742,-0.09945442015315642,0.5154412751984423,10.912215459788836,0.05497651095725742,0.09945442015315642,-0.5154412751984423,-10.912215459788836,0.0,0.0,-,0.0003431926238548545,0.14899211722045738,0.007177572169729401,2.4970657997187735
