time_s,setpoint_psi_deg,angle_psi_deg,error_psi_deg,setpoint_theta_left_deg,angle_theta_left_deg,error_theta_left_deg,setpoint_theta_right_deg,angle_theta_right_deg,error_theta_right_deg,u_PD,u_cmd,cbf_active,qp_time_ms
0.01302,0.0,-4.126137507902714,4.126137507902714,0.0,-0.0,0.0,0.0,0.0,0.0,-5043.703635225205,-16802.879828447323,0,0.0
0.02386,0.0,-4.2041350418771,4.2041350418771,0.0,-0.08789330729086942,0.08789330729086942,0.0,0.010986663411358677,-0.010986663411358677,-3203.3225169213943,-10671.729981848206,0,0.0
0.03474,0.0,-4.38352652393233,4.38352652393233,0.0,0.6701864680929077,-0.6701864680929077,0.0,0.7580797753837771,-0.7580797753837771,1362.8536730013393,4540.2878811647415,0,0.0
0.04578,0.0,-3.9247279858373267,3.9247279858373267,0.0,4.0870387890255415,-4.0870387890255415,0.0,3.9332255012665343,-3.9332255012665343,3877.8563258517743,12918.910100149496,0,0.0
0.05672,0.0,-2.6088916623176215,2.6088916623176215,0.0,7.317117831965106,-7.317117831965106,0.0,6.690878017517633,-6.690878017517633,1780.485895409753,5931.611510215089,0,0.0
0.06771,0.0,-1.4867609221798506,1.4867609221798506,0.0,8.822290719321273,-8.822290719321273,0.0,7.712637714774019,-7.712637714774019,-1094.7987438030657,-3647.274514700271,0,0.0
0.07898,0.0,-1.0997525619945523,1.0997525619945523,0.0,8.294930875576028,-8.294930875576028,0.0,6.427198095645011,-6.427198095645011,-1634.9461453541785,-5446.752147470853,0,0.0
0.08971,0.0,-1.5221607751191328,1.5221607751191328,0.0,8.020264290292062,-8.020264290292062,0.0,5.778984954374835,-5.778984954374835,-366.25780169766745,-1220.1719754460569,0,0.0
0.10071,0.0,-1.6100454595563605,1.6100454595563605,0.0,8.877224036378067,-8.877224036378067,0.0,6.1964781640064786,-6.1964781640064786,1201.6466399024598,4003.2336447216726,0,0.0
0.1117,0.0,-1.0031443832320304,1.0031443832320304,0.0,10.701010162663664,-10.701010162663664,0.0,7.317117831965078,-7.317117831965078,1491.4058801526023,4968.553981765613,0,0.0
0.1227,0.0,0.016568287885884825,-0.016568287885884825,0.0,12.316049684133418,-12.316049684133418,0.0,7.899410992767116,-7.899410992767116,-198.3683683206107,-660.8556124070464,0,0.0
0.13378,0.0,0.3716662754497322,-0.3716662754497322,0.0,12.316049684133418,-12.316049684133418,0.0,7.086397900326546,-7.086397900326546,-1575.710230352866,-5249.410266725964,0,0.0
0.1447,0.0,-0.16667018035767622,0.16667018035767622,0.0,11.54698324533831,-11.54698324533831,0.0,5.6471449934385305,-5.6471449934385305,-1519.8099377832978,-5063.18086738903,0,0.0
0.15594,0.0,-0.7675922687326691,0.7675922687326691,0.0,11.590929898983745,-11.590929898983745,0.0,5.152745139927362,-5.152745139927362,1958.35669942084,6524.180376457395,0,0.0
0.1668,0.0,-0.5917338409158845,0.5917338409158845,0.0,13.315836054567086,-13.315836054567086,0.0,6.075624866481533,-6.075624866481533,1761.7173460994522,5869.084902503097,0,0.0
0.17775,0.0,0.45965643488176955,-0.45965643488176955,0.0,14.74410229804377,-14.74410229804377,0.0,6.361278115176859,-6.361278115176859,-1559.9323787783978,-5196.847038762823,0,0.0
0.18882,0.0,0.7346580947828953,-0.7346580947828953,0.0,14.073915829950863,-14.073915829950863,0.0,5.009918515579699,-5.009918515579699,-1646.5034037066796,-5485.254652234839,0,0.0
0.19971,0.0,-0.2943905303806882,0.2943905303806882,0.0,13.2059694204535,-13.2059694204535,0.0,4.010132145146045,-4.010132145146045,74.252927612149,247.37040671138254,0,0.0
0.2107,0.0,-0.8565778207947887,0.8565778207947887,0.0,14.073915829950863,-14.073915829950863,0.0,4.273812067018653,-4.273812067018653,812.8282009689078,2707.9018851677147,0,0.0
0.2217,0.0,-0.24858844654398604,0.24858844654398604,0.0,15.853755302591026,-15.853755302591026,0.0,5.064851832636492,-5.064851832636492,415.42932188197176,1383.984761524247,0,0.0
0.2327,0.0,0.46219836478396803,-0.46219836478396803,0.0,16.864528336436052,-16.864528336436052,0.0,5.251625110629618,-5.251625110629618,-265.1448642337235,-883.3186112947157,0,0.0
0.24379,0.0,0.4475634282038483,-0.4475634282038483,0.0,17.095248268074585,-17.095248268074585,0.0,4.83413190099796,-4.83413190099796,-950.3344491245145,-3165.9979848835637,0,0.0
0.2547,0.0,0.011039541228150096,-0.011039541228150096,0.0,17.018341624195074,-17.018341624195074,0.0,4.449598681600392,-4.449598681600392,-691.3531011450382,-2303.212860572005,0,0.0
0.26571,0.0,-0.3767948331992854,0.3767948331992854,0.0,17.161168248542737,-17.161168248542737,0.0,4.559465315713993,-4.559465315713993,369.4241382066265,1230.7204881470986,0,0.0
0.27671,0.0,-0.3260900835307572,0.3260900835307572,0.0,17.908261360515155,-17.908261360515155,0.0,5.3395184179204875,-5.3395184179204875,486.6716592348813,1621.325517408131,0,0.0
0.2877,0.0,0.1244523727889204,-0.1244523727889204,0.0,18.9410077211829,-18.9410077211829,0.0,6.108584856715609,-6.108584856715609,-221.58737799893782,-738.2087357419914,0,0.0
0.29879,0.0,0.22019936771622284,-0.22019936771622284,0.0,19.292580950346405,-19.292580950346405,0.0,6.295358134708707,-6.295358134708707,-755.7575070460521,-2517.77334450277,0,0.0
0.3097,0.0,0.006217122529704966,-0.006217122529704966,0.0,19.24863429670097,-19.24863429670097,0.0,6.251411481063272,-6.251411481063272,-746.3912690839695,-2486.5701291071678,0,0.0
0.32069,0.0,-0.3887475845897046,0.3887475845897046,0.0,19.33652760399184,-19.33652760399184,0.0,6.51509140293588,-6.51509140293588,183.53428792102545,611.4365171654149,0,0.0
0.33169,0.0,-0.5942643702483541,0.5942643702483541,0.0,19.984740745262002,-19.984740745262002,0.0,7.361064485610541,-7.361064485610541,430.7787084638304,1435.120576954417,0,0.0
0.34369,0.0,-0.05902670725439352,0.05902670725439352,0.0,21.07242042298654,-21.07242042298654,0.0,8.602557451094086,-8.602557451094086,65.23899420434971,217.3408786528579,0,0.0
0.35477,0.0,0.2363548504405153,-0.2363548504405153,0.0,21.511886959440915,-21.511886959440915,0.0,9.2178106021302,-9.2178106021302,-628.141910485736,-2092.627521448704,0,0.0
0.36569,0.0,0.10294529177730949,-0.10294529177730949,0.0,21.489913632618197,-21.489913632618197,0.0,9.415570543534656,-9.415570543534656,-680.2492537887738,-2266.220874869736,0,0.0
0.37669,0.0,-0.32149824756769263,0.32149824756769263,0.0,21.55583361308635,-21.55583361308635,0.0,9.624317148350485,-9.624317148350485,24.833930257500754,82.73316117753916,0,0.0
0.38769,0.0,-0.36578578246822513,0.36578578246822513,0.0,22.03924680318613,-22.03924680318613,0.0,10.470290231025118,-10.470290231025118,597.1663048288336,1989.4336351483119,0,0.0
0.3987,0.0,0.040682081851214136,-0.040682081851214136,0.0,22.830286568803984,-22.830286568803984,0.0,11.623889889217821,-11.623889889217821,342.5781965648855,1141.2843983385542,0,0.0
0.41078,0.0,0.38412379837331123,-0.38412379837331123,0.0,23.214819788201538,-23.214819788201538,0.0,12.425916318247033,-12.425916318247033,-583.1598115215033,-1942.7716103978203,0,0.0
0.4219,0.0,0.20720742466611286,-0.20720742466611286,0.0,23.071993163853875,-23.071993163853875,0.0,12.53578295236062,-12.53578295236062,-1096.5007757167202,-3652.944760174169,0,0.0
0.43288,0.0,-0.4386655146302849,0.4386655146302849,0.0,22.984099856563006,-22.984099856563006,0.0,12.590716269417413,-12.590716269417413,-473.4992390415022,-1577.44217104865,0,0.0
0.44376,0.0,-0.8747535653393599,0.8747535653393599,0.0,23.335673085726498,-23.335673085726498,0.0,13.326822717978459,-13.326822717978459,759.2861533381849,2529.5288765268397,0,0.0
0.45477,0.0,-0.6859087979458987,0.6859087979458987,0.0,24.346446119571524,-24.346446119571524,0.0,14.74410229804377,-14.74410229804377,891.58791043438,2970.2864400866843,0,0.0
0.46578,0.0,0.02438918498022913,-0.02438918498022913,0.0,25.038605914487135,-25.038605914487135,0.0,16.09546189764093,-16.09546189764093,-753.4676049618321,-2510.144635061689,0,0.0
0.47669,0.0,0.29783170673364867,-0.29783170673364867,0.0,25.08255256813257,-25.08255256813257,0.0,16.62282174138616,-16.62282174138616,-923.5169825678681,-3076.656758585557,0,0.0
0.48768,0.0,-0.22207330527249214,0.22207330527249214,0.0,24.91775261696219,-24.91775261696219,0.0,16.80959501937926,-16.80959501937926,299.6460254864328,998.2577330984637,0,0.0
0.4987,0.0,-0.5423855222561986,0.5423855222561986,0.0,25.269325846125668,-25.269325846125668,0.0,17.82036805322427,-17.82036805322427,351.6206199392825,1171.4088394846985,0,0.0
0.50968,0.0,-0.12469647628060043,0.12469647628060043,0.0,25.82964568010499,-25.82964568010499,0.0,19.072847682119203,-19.072847682119203,-206.17353342991612,-686.8581813242411,0,0.0
0.52078,0.0,-0.17764133261784298,0.17764133261784298,0.0,26.060365611743535,-26.060365611743535,0.0,19.852900784325698,-19.852900784325698,-642.0152881304024,-2138.84607714455,0,0.0
0.53168,0.0,-0.3765128371852722,0.3765128371852722,0.0,26.082338938566252,-26.082338938566252,0.0,20.468153935361798,-20.468153935361798,-370.03014668033745,-1232.7393790842407,0,0.0
0.54268,0.0,-0.5852821714892564,0.5852821714892564,0.0,26.378978850672937,-26.378978850672937,0.0,21.248207037568292,-21.248207037568292,221.51600125182006,737.9709472058075,0,0.0
0.55371,0.0,-0.390990354019884,0.390990354019884,0.0,26.917325357829526,-26.917325357829526,0.0,22.467726676229134,-22.467726676229134,428.6842182786862,1428.1428737767264,0,0.0
0.56478,0.0,0.005233416467013363,-0.005233416467013363,0.0,27.63145847956787,-27.63145847956787,0.0,23.68724631488999,-23.68724631488999,133.43315839694654,444.52677790493533,0,0.0
0.57597,0.0,0.23537438899563723,-0.23537438899563723,0.0,27.983031708731346,-27.983031708731346,0.0,24.566179387798712,-24.566179387798712,-359.901068216168,-1198.9947936534686,0,0.0
0.58667,0.0,0.1430530513602788,-0.1430530513602788,0.0,27.829218420972325,-27.829218420972325,0.0,25.016632587664432,-25.016632587664432,-475.63229313671854,-1584.5483482195648,0,0.0
0.59767,0.0,-0.12173885738708012,0.12173885738708012,0.0,27.719351786858738,-27.719351786858738,0.0,25.423139133884703,-25.423139133884703,-287.51333563830957,-957.8382032731879,0,0.0
0.60967,0.0,-0.2708673368464587,0.2708673368464587,0.0,27.93908505508591,-27.93908505508591,0.0,26.247138889736632,-26.247138889736632,98.72826402933595,328.908928068308,0,0.0
0.62067,0.0,-0.2413878878069453,0.2413878878069453,0.0,28.378551591540273,-28.378551591540273,0.0,27.32383190404981,-27.32383190404981,-4.820082988526849,-16.057897346251107,0,0.0
0.63176,0.0,-0.11508635166666537,0.11508635166666537,0.0,28.938871425519594,-28.938871425519594,0.0,28.466444898831142,-28.466444898831142,-122.80775992970547,-409.1287239178778,0,0.0
0.64269,0.0,-0.08692208211002361,0.08692208211002361,0.0,29.180578020569484,-29.180578020569484,0.0,29.356364635151223,-29.356364635151223,-215.71584401304816,-718.6479750175672,0,0.0
0.65383,0.0,-0.09796994255830249,0.09796994255830249,0.0,29.367351298562582,-29.367351298562582,0.0,30.081484420300924,-30.081484420300924,-188.76716336509924,-628.8696146674015,0,0.0
0.66493,0.0,-0.19820505017786205,0.19820505017786205,0.0,29.521164586321603,-29.521164586321603,0.0,30.85055085909606,-30.85055085909606,-133.75898527188852,-445.6122560020805,0,0.0
0.67586,0.0,-0.2428315662224274,0.2428315662224274,0.0,29.718924527726074,-29.718924527726074,0.0,31.740470595416113,-31.740470595416113,-33.68233307884378,-112.21123126919763,0,0.0
0.68692,0.0,-0.2273531597412206,0.2273531597412206,0.0,29.938657795953247,-29.938657795953247,0.0,32.70729697561573,-32.70729697561573,0.9422096107072093,3.1389304382105054,0,0.0
0.69771,0.0,-0.12411960445745907,0.12411960445745907,0.0,30.18036439100314,-30.18036439100314,0.0,33.74004333628345,-33.74004333628345,-70.87226581139333,-236.10787859969994,0,0.0
0.70866,0.0,-0.08940544984994192,0.08940544984994192,0.0,30.268257698294036,-30.268257698294036,0.0,34.8057496871853,-34.8057496871853,-186.35591066606895,-620.8366309181459,0,0.0
0.71966,0.0,-0.11406316714055231,0.11406316714055231,0.0,30.24628437147129,-30.24628437147129,0.0,35.86046937467576,-35.86046937467576,-194.4207001582689,-647.7041272025722,0,0.0
0.73066,0.0,-0.1950069474179017,0.1950069474179017,0.0,30.24628437147129,-30.24628437147129,0.0,36.86025574510943,-36.86025574510943,-109.38529515132868,-364.41236487221755,0,0.0
0.74175,0.0,-0.19809052968122431,0.19809052968122431,0.0,30.24628437147129,-30.24628437147129,0.0,37.936948759422606,-37.936948759422606,-66.75800647064557,-222.4014021122953,0,0.0
0.75266,0.0,-0.20265677348705413,0.20265677348705413,0.0,30.268257698294036,-30.268257698294036,0.0,38.99166844691307,-38.99166844691307,-147.40161303080947,-491.0620784651628,0,0.0
0.76466,0.0,-0.186229192495297,0.186229192495297,0.0,30.290231025116753,-30.290231025116753,0.0,40.10132145146032,-40.10132145146032,-101.94192343437987,-339.6150949444475,0,0.0
0.77666,0.0,-0.21675156742177215,0.21675156742177215,0.0,30.268257698294036,-30.268257698294036,0.0,41.24393444624165,-41.24393444624165,-50.25250278680858,-167.41403271759768,0,0.0
0.78766,0.0,-0.19719757899309753,0.19719757899309753,0.0,30.268257698294036,-30.268257698294036,0.0,42.24372081667532,-42.24372081667532,-48.143194281994425,-160.38696295085242,0,0.0
0.79974,0.0,-0.17121595503232223,0.17121595503232223,0.0,30.24628437147129,-30.24628437147129,0.0,43.38633381145665,-43.38633381145665,5.904891899843818,19.67189116745506,0,0.0
0.81079,0.0,-0.14604311517309299,0.14604311517309299,0.0,30.202337717825856,-30.202337717825856,0.0,44.45204016235847,-44.45204016235847,-99.27814640702971,-330.7408373517242,0,0.0
0.82173,0.0,-0.13855062526205408,0.13855062526205408,0.0,30.147404400769062,-30.147404400769062,0.0,45.37491988891263,-45.37491988891263,-120.46336500962136,-401.31847395840794,0,0.0
0.83265,0.0,-0.16033821175509289,0.16033821175509289,0.0,30.08148442030091,-30.08148442030091,0.0,46.1879329813532,-46.1879329813532,-5.569520735708579,-18.554616684962735,0,0.0
0.84365,0.0,-0.17351264798778354,0.17351264798778354,0.0,30.08148442030091,-30.08148442030091,0.0,47.044892727439205,-47.044892727439205,8.807346126416206,29.34129149384582,0,0.0
0.85473,0.0,-0.10739624260853864,0.10739624260853864,0.0,30.147404400769062,-30.147404400769062,0.0,47.791985839411595,-47.791985839411595,-58.785459755991454,-195.8412086391048,0,0.0
0.86566,0.0,-0.0977088534527426,0.0977088534527426,0.0,30.147404400769062,-30.147404400769062,0.0,48.4621723075045,-48.4621723075045,-148.28282029317697,-493.9977822266022,0,0.0
0.87665,0.0,-0.17510359302438738,0.17510359302438738,0.0,30.08148442030091,-30.08148442030091,0.0,48.98953215124975,-48.98953215124975,-100.47059551249816,-334.7134298095345,0,0.0
0.88765,0.0,-0.20702751306749034,0.20702751306749034,0.0,30.09247108371227,-30.09247108371227,0.0,49.52787865840635,-49.52787865840635,-12.321736354700988,-41.049330059736306,0,0.0
0.89885,0.0,-0.1690132466213936,0.1690132466213936,0.0,30.18036439100314,-30.18036439100314,0.0,50.20905178991059,-50.20905178991059,15.443963141841351,51.4508931363377,0,0.0
0.90974,0.0,-0.1296546761440447,0.1296546761440447,0.0,30.24628437147129,-30.24628437147129,0.0,50.824304940946675,-50.824304940946675,-75.10519883918346,-250.20971132656422,0,0.0
0.92065,0.0,-0.10794643187026898,0.10794643187026898,0.0,30.202337717825856,-30.202337717825856,0.0,51.49449140903958,-51.49449140903958,-82.39851563460098,-274.50707979371947,0,0.0
0.93164,0.0,-0.14694968985641754,0.14694968985641754,0.0,30.114444410534986,-30.114444410534986,0.0,52.06579790643026,-52.06579790643026,-15.699313530582288,-52.30158187748331,0,0.0
0.94264,0.0,-0.16507979560669428,0.16507979560669428,0.0,30.08148442030091,-30.08148442030091,0.0,52.73598437452314,-52.73598437452314,-2.3419828710190984,-7.802214322661895,0,0.0
0.95364,0.0,-0.12688759294483143,0.12688759294483143,0.0,30.114444410534986,-30.114444410534986,0.0,53.3402508621479,-53.3402508621479,-56.87107936461874,-189.46353342489974,0,0.0
0.96473,0.0,-0.07468687911909289,0.07468687911909289,0.0,30.114444410534986,-30.114444410534986,0.0,53.82366405224771,-53.82366405224771,-101.74525547928799,-338.9599041849358,0,0.0
0.97565,0.0,-0.08382301057936381,0.08382301057936381,0.0,30.08148442030091,-30.08148442030091,0.0,54.21918393505662,-54.21918393505662,-82.98440816181356,-276.45895532787716,0,0.0
0.98677,0.0,-0.10747124684165277,0.10747124684165277,0.0,30.08148442030091,-30.08148442030091,0.0,54.59273049104284,-54.59273049104284,-95.06402993113248,-316.70169115109314,0,0.0
0.9977,0.0,-0.12065266268340791,0.12065266268340791,0.0,30.147404400769062,-30.147404400769062,0.0,54.88937040314953,-54.88937040314953,-138.88066409924804,-462.6749067999961,0,0.0
1.00864,0.0,-0.15018111128134048,0.15018111128134048,0.0,30.18036439100314,-30.18036439100314,0.0,55.164036988433494,-55.164036988433494,-165.13741585753442,-550.1481360751258,0,0.0
1.01973,0.0,-0.18239672769991166,0.18239672769991166,0.0,30.24628437147129,-30.24628437147129,0.0,55.43870357371746,-55.43870357371746,-161.54857984591936,-538.1920846120664,0,0.0
1.03064,0.0,-0.1883844639059853,0.1883844639059853,0.0,30.268257698294036,-30.268257698294036,0.0,55.62547685171056,-55.62547685171056,-134.2125518185802,-447.12329327339,0,0.0
1.04164,0.0,-0.1876790160663031,0.1876790160663031,0.0,30.334177678762188,-30.334177678762188,0.0,55.889156773583196,-55.889156773583196,-108.79797045352228,-362.4557181238645,0,0.0
1.05264,0.0,-0.15959008298537425,0.15959008298537425,0.0,30.422070986053058,-30.422070986053058,0.0,56.11987670522173,-56.11987670522173,93.0301524057333,309.925916419528,0,0.0
1.06364,0.0,-0.06282162769228217,0.06282162769228217,0.0,30.444044312875775,-30.444044312875775,0.0,56.29566331980347,-56.29566331980347,10.107135413425837,33.6714831092679,0,0.0
1.07472,0.0,-0.00865595175195466,0.00865595175195466,0.0,30.422070986053058,-30.422070986053058,0.0,56.40552995391705,-56.40552995391705,-429.52867366412215,-1430.9561402547301,0,0.0
1.08571,0.0,-0.148617421953666,0.148617421953666,0.0,30.24628437147129,-30.24628437147129,0.0,56.317636646626184,-56.317636646626184,-334.23555425188636,-1113.4912474368982,0,0.0
1.09669,0.0,-0.35321908730753826,0.35321908730753826,0.0,30.18036439100314,-30.18036439100314,0.0,56.37256996368298,-56.37256996368298,91.26706568702991,304.05226951160813,0,0.0
1.10764,0.0,-0.3607417458347979,0.3607417458347979,0.0,30.466017639698492,-30.466017639698492,0.0,56.5593432416761,-56.5593432416761,83.31618252726082,277.5642472315956,0,0.0
1.11863,0.0,-0.19218622853610068,0.19218622853610068,0.0,30.773644215216535,-30.773644215216535,0.0,56.81203650013735,-56.81203650013735,-260.9041241136493,-869.1907695786349,0,0.0
1.12972,0.0,-0.13787954363804023,0.13787954363804023,0.0,30.773644215216535,-30.773644215216535,0.0,56.81203650013735,-56.81203650013735,-220.1147409882467,-733.3027094345075,0,0.0
1.14063,0.0,-0.2252843919125631,0.2252843919125631,0.0,30.66377758110295,-30.66377758110295,0.0,56.82302316354871,-56.82302316354871,-11.731548681717584,-39.08314543379757,0,0.0
1.15163,0.0,-0.1514552816542558,0.1514552816542558,0.0,30.751670888393818,-30.751670888393818,0.0,56.877956480605505,-56.877956480605505,16.96791566684294,56.5278748533091,0,0.0
1.16263,0.0,-0.032694308194868515,0.032694308194868515,0.0,30.773644215216535,-30.773644215216535,0.0,56.954863124485016,-56.954863124485016,-43.47523854961831,-144.83587095808798,0,0.0
1.17376,0.0,-0.04813059025471533,0.04813059025471533,0.0,30.7296975615711,-30.7296975615711,0.0,56.91091647083958,-56.91091647083958,-111.87981870229005,-372.7227618517903,0,0.0
1.18471,0.0,-0.13008890965994713,0.13008890965994713,0.0,30.608844264046155,-30.608844264046155,0.0,56.83400982696007,-56.83400982696007,-111.91363220643726,-372.8354100737826,0,0.0
1.19563,0.0,-0.22819866414577694,0.22819866414577694,0.0,30.520950956755286,-30.520950956755286,0.0,56.81203650013735,-56.81203650013735,-203.94613076005916,-679.4376859704338,0,0.0
1.20662,0.0,-0.2863623638425805,0.2863623638425805,0.0,30.55391094698936,-30.55391094698936,0.0,56.83400982696007,-56.83400982696007,-86.88262598078336,-289.44569885892065,0,0.0
1.21763,0.0,-0.2349741721170977,0.2349741721170977,0.0,30.64180425428023,-30.64180425428023,0.0,56.85598315378279,-56.85598315378279,213.78518582193743,712.2160710197836,0,0.0
1.22862,0.0,-0.014435775626001401,0.014435775626001401,0.0,30.82857753227333,-30.82857753227333,0.0,56.9328897976623,-56.9328897976623,301.6927003816794,1005.0761417124332,0,0.0
1.23971,0.0,0.17342712898437052,-0.17342712898437052,0.0,30.773644215216535,-30.773644215216535,0.0,56.866969817194146,-56.866969817194146,-294.8076278778244,-982.1388213900316,0,0.0
1.25062,0.0,0.08813064733340115,-0.08813064733340115,0.0,30.422070986053058,-30.422070986053058,0.0,56.6142765587329,-56.6142765587329,-324.6962741908668,-1081.711549796504,0,0.0
1.26162,0.0,-0.200451359771757,0.200451359771757,0.0,30.07049775688955,-30.07049775688955,0.0,56.306649983214825,-56.306649983214825,152.2712195274982,507.28496123016765,0,0.0
1.27362,0.0,-0.13628072449148743,0.13628072449148743,0.0,30.147404400769062,-30.147404400769062,0.0,56.317636646626184,-56.317636646626184,494.59466229108654,1647.7206583327609,0,0.0
1.28462,0.0,0.19548548768587093,-0.19548548768587093,0.0,30.334177678762188,-30.334177678762188,0.0,56.43848994415113,-56.43848994415113,292.82768784811,975.5427370851419,0,0.0
1.2957,0.0,0.38941537673842275,-0.38941537673842275,0.0,30.24628437147129,-30.24628437147129,0.0,56.27368999298075,-56.27368999298075,-243.55320671540665,-811.3869410745501,0,0.0
1.30677,0.0,0.22084802250202573,-0.22084802250202573,0.0,29.76287118137151,-29.76287118137151,0.0,55.76830347605822,-55.76830347605822,-623.4953977255425,-2077.1478657874145,0,0.0
1.31767,0.0,-0.24675430256105635,0.24675430256105635,0.0,29.180578020569484,-29.180578020569484,0.0,55.240943632313005,-55.240943632313005,-196.72027757526803,-655.3650695950215,0,0.0
1.32862,0.0,-0.4699489698207189,0.4699489698207189,0.0,29.004791405987746,-29.004791405987746,0.0,55.13107699819942,-55.13107699819942,457.67827523963047,1524.7353165704335,0,0.0
1.34065,0.0,-0.07080124650270259,0.07080124650270259,0.0,29.521164586321603,-29.521164586321603,0.0,55.46067690054018,-55.46067690054018,765.7265106451549,2550.984647465777,0,0.0
1.35171,0.0,0.4974905187847014,-0.4974905187847014,0.0,29.718924527726074,-29.718924527726074,0.0,55.51561021759697,-55.51561021759697,186.33091024560258,620.7533431020611,0,0.0
1.36261,0.0,0.8392877419315443,-0.8392877419315443,0.0,29.345377971739865,-29.345377971739865,0.0,55.18601031525621,-55.18601031525621,-289.1975749257813,-963.4491733849306,0,0.0
1.37361,0.0,0.6414645549762577,-0.6414645549762577,0.0,28.378551591540273,-28.378551591540273,0.0,54.340037232581565,-54.340037232581565,-679.2692184329206,-2262.955929602726,0,0.0
1.38461,0.0,0.13358149193466273,-0.13358149193466273,0.0,27.63145847956787,-27.63145847956787,0.0,53.58195745719779,-53.58195745719779,11.24448495477256,37.460513759823826,0,0.0
1.39563,0.0,-0.2621786787225431,0.2621786787225431,0.0,27.400738547929308,-27.400738547929308,0.0,53.186437574388876,-53.186437574388876,648.559301937684,2160.6471752169077,0,0.0
1.4069,0.0,0.20516616648202302,-0.20516616648202302,0.0,27.675405133213303,-27.675405133213303,0.0,53.42814416943877,-53.42814416943877,586.2288264770145,1952.9959005660628,0,0.0
1.41765,0.0,0.5614394739631123,-0.5614394739631123,0.0,27.664418469801944,-27.664418469801944,0.0,53.37321085238197,-53.37321085238197,-77.09247246929465,-256.8302272029911,0,0.0
1.42861,0.0,0.6736036146711575,-0.6736036146711575,0.0,27.181005279702134,-27.181005279702134,0.0,52.790917691579935,-52.790917691579935,-361.3908229401952,-1203.9578468802415,0,0.0
1.43962,0.0,0.3772360265336203,-0.3772360265336203,0.0,26.554765465254675,-26.554765465254675,0.0,51.99987792596211,-51.99987792596211,-45.296374221688666,-150.90290543556685,0,0.0
1.45061,0.0,0.09773188183166281,-0.09773188183166281,0.0,26.18121890926848,-26.18121890926848,0.0,51.50547807245094,-51.50547807245094,288.59531768643546,961.4427795223206,0,0.0
1.4617,0.0,0.16264635113297388,-0.16264635113297388,0.0,26.09332560197761,-26.09332560197761,0.0,51.46153141880551,-51.46153141880551,505.42812937151814,1683.811883877143,0,0.0
1.4726,0.0,0.3845692346400549,-0.3845692346400549,0.0,26.027405621509445,-26.027405621509445,0.0,51.384624774925996,-51.384624774925996,136.92468788797407,456.15865691651726,0,0.0
1.48361,0.0,0.4374865743985057,-0.4374865743985057,0.0,25.708792382580043,-25.708792382580043,0.0,51.12094485305339,-51.12094485305339,-351.9153657393033,-1172.3907723292655,0,0.0
1.4946,0.0,0.2440857975271269,-0.2440857975271269,0.0,25.214392529068874,-25.214392529068874,0.0,50.6045716727195,-50.6045716727195,-302.23494673909084,-1006.8826119255847,0,0.0
1.50569,0.0,-0.0565252477667153,0.0565252477667153,0.0,24.82985930967132,-24.82985930967132,0.0,50.231025116733306,-50.231025116733306,109.02788358989643,363.22166376240193,0,0.0
1.51669,0.0,-0.15822100782664483,0.15822100782664483,0.0,24.74196600238045,-24.74196600238045,0.0,50.231025116733306,-50.231025116733306,355.3014466618059,1183.6713540099274,0,0.0
1.52761,0.0,0.0542453009727919,-0.0542453009727919,0.0,24.785912656025886,-24.785912656025886,0.0,50.36286507766961,-50.36286507766961,570.4068093928832,1900.2855371236976,0,0.0
1.5386,0.0,0.2782064697792226,-0.2782064697792226,0.0,24.6760460219123,-24.6760460219123,0.0,50.417798394726404,-50.417798394726404,-195.29626814434886,-650.6210439597322,0,0.0
1.5496,0.0,0.3351780774699833,-0.3351780774699833,0.0,24.357432782982883,-24.357432782982883,0.0,50.17609179967651,-50.17609179967651,-555.4997880218511,-1850.6234422003974,0,0.0
1.5606,0.0,0.025564286996568875,-0.025564286996568875,0.0,23.775139622180845,-23.775139622180845,0.0,49.670705282754014,-49.670705282754014,94.90644083969471,316.1766899303216,0,0.0
1.57169,0.0,-0.2609512247949728,0.2609512247949728,0.0,23.588366344187747,-23.588366344187747,0.0,49.52787865840635,-49.52787865840635,544.2247583129114,1813.0611699173178,0,0.0
1.5827,0.0,-0.04481774765648394,0.04481774765648394,0.0,23.665272988067258,-23.665272988067258,0.0,49.835505233924394,-49.835505233924394,217.562929389313,724.8014598086844,0,0.0
1.5936,0.0,0.24868209476756276,-0.24868209476756276,0.0,23.544419690542313,-23.544419690542313,0.0,49.824518570513035,-49.824518570513035,-234.91342357662353,-782.6038784039108,0,0.0
1.6046,0.0,0.06974830402386933,-0.06974830402386933,0.0,23.148899807733386,-23.148899807733386,0.0,49.51689199499499,-49.51689199499499,-270.82549774799884,-902.2433953805984,0,0.0
1.6156,0.0,-0.23336452504161542,0.23336452504161542,0.0,22.742393261513115,-22.742393261513115,0.0,49.28617206335643,-49.28617206335643,130.45712518193778,434.6122523709569,0,0.0
1.62668,0.0,-0.22823869841576094,0.22823869841576094,0.0,22.577593310342735,-22.577593310342735,0.0,49.28617206335643,-49.28617206335643,578.3230629665236,1926.658192440004,0,0.0
1.63759,0.0,0.09819652272141255,-0.09819652272141255,0.0,22.665486617633604,-22.665486617633604,0.0,49.52787865840635,-49.52787865840635,321.5173042201904,1071.1209492658816,0,0.0
1.64859,0.0,0.3003828331515892,-0.3003828331515892,0.0,22.5336466566973,-22.5336466566973,0.0,49.51689199499499,-49.51689199499499,-355.21971995636767,-1183.399085036655,0,0.0
1.65974,0.0,0.17800594037720785,-0.17800594037720785,0.0,22.072206793420207,-22.072206793420207,0.0,49.099398785363334,-49.099398785363334,-409.1378505390383,-1363.0249977147482,0,0.0
1.67061,0.0,-0.14405873794202106,0.14405873794202106,0.0,21.423993652150045,-21.423993652150045,0.0,48.79177220984526,-48.79177220984526,303.85491687903027,1012.2794721607836,0,0.0
1.68181,0.0,-0.1897699280069518,0.1897699280069518,0.0,21.204260383922872,-21.204260383922872,0.0,48.89065218054752,-48.89065218054752,576.0950336706621,1919.2356095088503,0,0.0
1.69259,0.0,0.10586021416792457,-0.10586021416792457,0.0,21.204260383922872,-21.204260383922872,0.0,49.07742545854062,-49.07742545854062,-47.728369216815054,-159.00499124431587,0,0.0
1.70359,0.0,0.17492940127688383,-0.17492940127688383,0.0,20.80874050111393,-20.80874050111393,0.0,48.96755882442703,-48.96755882442703,-504.0955930402605,-1679.372596904612,0,0.0
1.71459,0.0,-0.025903957237640274,0.025903957237640274,0.0,20.028687398907437,-20.028687398907437,0.0,48.615985595263524,-48.615985595263524,43.01331106870228,143.29697959716785,0,0.0
1.72559,0.0,-0.26353058213381075,0.26353058213381075,0.0,19.446394238105427,-19.446394238105427,0.0,48.56105227820673,-48.56105227820673,364.29806883354513,1213.6432104366045,0,0.0
1.73667,0.0,-0.1427990587590906,0.1427990587590906,0.0,19.24863429670097,-19.24863429670097,0.0,48.769798883022546,-48.769798883022546,18.728210849425352,62.39222187975891,0,0.0
1.74758,0.0,0.018223084001033563,-0.018223084001033563,0.0,18.984954374828334,-18.984954374828334,0.0,48.85769219031344,-48.85769219031344,-166.91798664122138,-556.0800303869532,0,0.0
1.75858,0.0,-0.15540596692318642,0.15540596692318642,0.0,18.44660786767176,-18.44660786767176,0.0,48.74782555619983,-48.74782555619983,33.94218161272752,113.07690538572444,0,0.0
1.76878,0.0,-0.23278768869209232,0.23278768869209232,0.0,17.95220801416059,-17.95220801416059,0.0,48.72585222937711,-48.72585222937711,12.58276795778977,41.918945519989634,0,0.0
1.77972,0.0,-0.15153111944677544,0.15153111944677544,0.0,17.78740806299021,-17.78740806299021,0.0,48.79177220984526,-48.79177220984526,494.901856449594,1648.7440623435264,0,0.0
1.79067,0.0,0.1303846264487869,-0.1303846264487869,0.0,17.644581438642547,-17.644581438642547,0.0,48.835718863490726,-48.835718863490726,221.9642228669225,739.4641780694292,0,0.0
1.80158,0.0,0.33276901811862336,-0.33276901811862336,0.0,17.424848170415345,-17.424848170415345,0.0,48.769798883022546,-48.769798883022546,14.916315083748088,49.69305652398511,0,0.0
1.81258,0.0,0.32408195841511334,-0.32408195841511334,0.0,16.908474990081487,-16.908474990081487,0.0,48.40723899044771,-48.40723899044771,-354.0726704980131,-1179.5777395334399,0,0.0
1.82358,0.0,0.16169995298719764,-0.16169995298719764,0.0,16.39210180974763,-16.39210180974763,0.0,47.97875911740469,-47.97875911740469,-87.23498346602088,-290.6195625331759,0,0.0
1.83458,0.0,-0.056340933818234795,0.056340933818234795,0.0,16.029541917172764,-16.029541917172764,0.0,47.68211920529801,-47.68211920529801,161.1928764348976,537.0070741312314,0,0.0
1.84566,0.0,-0.04532138836306254,0.04532138836306254,0.0,15.98559526352733,-15.98559526352733,0.0,47.74803918576616,-47.74803918576616,532.0667461832062,1772.5572800096152,0,0.0
1.85669,0.0,0.17737298532218393,-0.17737298532218393,0.0,16.0734885708182,-16.0734885708182,0.0,47.85790581987975,-47.85790581987975,147.38655602197701,491.0119166935193,0,0.0
1.86757,0.0,0.4317654440158387,-0.4317654440158387,0.0,15.919675283059178,-15.919675283059178,0.0,47.704092532120725,-47.704092532120725,-153.56777351175242,-511.6043745748309,0,0.0
1.87857,0.0,0.3950680386208347,-0.3950680386208347,0.0,15.49119541001619,-15.49119541001619,0.0,47.26462599566638,-47.26462599566638,-50.444538072436785,-168.05378993978985,0,0.0
1.88957,0.0,0.24160795300735516,-0.24160795300735516,0.0,15.139622180852683,-15.139622180852683,0.0,46.90206610309154,-46.90206610309154,131.27053793775724,437.32210167524704,0,0.0
1.90066,0.0,0.2768644730260976,-0.2768644730260976,0.0,15.051728873561814,-15.051728873561814,0.0,46.715292825098444,-46.715292825098444,229.6632179425016,765.1130461256878,0,0.0
1.91157,0.0,0.36368789486851716,-0.36368789486851716,0.0,15.007782219916379,-15.007782219916379,0.0,46.57246620075075,-46.57246620075075,96.68959722113914,322.1171980488962,0,0.0
1.92257,0.0,0.3990062086378674,-0.3990062086378674,0.0,14.963835566270944,-14.963835566270944,0.0,46.34174626911222,-46.34174626911222,-111.46779836601581,-371.3501339779118,0,0.0
1.93377,0.0,0.2818175601909316,-0.2818175601909316,0.0,14.83199560533464,-14.83199560533464,0.0,45.84734641560105,-45.84734641560105,-197.83250520692553,-659.0704076934178,0,0.0
1.94458,0.0,0.09959845988203497,-0.09959845988203497,0.0,14.74410229804377,-14.74410229804377,0.0,45.484786523026216,-45.484786523026216,35.02790962371152,116.69396114759192,0,0.0
1.95565,0.0,0.0657628085831683,-0.0657628085831683,0.0,14.875942258980075,-14.875942258980075,0.0,45.35294656208991,-45.35294656208991,217.06688884337933,723.1489222517292,0,0.0
1.96657,0.0,0.19686317128120479,-0.19686317128120479,0.0,15.139622180852683,-15.139622180852683,0.0,45.35294656208991,-45.35294656208991,21.241450540540427,70.76497086821233,0,0.0
1.97757,0.0,0.27438429435848577,-0.27438429435848577,0.0,15.32639545884578,-15.32639545884578,0.0,45.243079927976325,-45.243079927976325,-260.6897020807755,-868.4764318792928,0,0.0
1.98857,0.0,0.1510074011322029,-0.1510074011322029,0.0,15.205542161320835,-15.205542161320835,0.0,45.078279976805945,-45.078279976805945,-180.84619210862664,-602.4812425954267,0,0.0
1.99979,0.0,0.031843255266483794,-0.031843255266483794,0.0,15.1615955076754,-15.1615955076754,0.0,45.04531998657187,-45.04531998657187,18.639265267175556,62.09590353159572,0,0.0
2.01083,0.0,0.060472178148326616,-0.060472178148326616,0.0,15.370342112491215,-15.370342112491215,0.0,45.243079927976325,-45.243079927976325,96.8280944481711,322.5785955517428,0,0.0
2.02172,0.0,0.20439373016552187,-0.20439373016552187,0.0,15.557115390484341,-15.557115390484341,0.0,45.484786523026216,-45.484786523026216,-145.34563159364143,-484.2126655105671,0,0.0
2.03259,0.0,0.2678210899305169,-0.2678210899305169,0.0,15.612048707541135,-15.612048707541135,0.0,45.50675984984893,-45.50675984984893,-320.6910392990524,-1068.3682835304526,0,0.0
2.04356,0.0,0.13294601843574805,-0.13294601843574805,0.0,15.535142063661624,-15.535142063661624,0.0,45.50675984984893,-45.50675984984893,-241.2958918912411,-803.8667946764692,0,0.0
2.05456,0.0,0.0036732922066828877,-0.0036732922066828877,0.0,15.579088717307059,-15.579088717307059,0.0,45.572679830317085,-45.572679830317085,-100.08592557251907,-333.4319185942555,0,0.0
2.06564,0.0,0.013083030896876124,-0.013083030896876124,0.0,15.765861995300156,-15.765861995300156,0.0,45.80339976195562,-45.80339976195562,-45.04775763358776,-150.07465005909256,0,0.0
2.07656,0.0,0.06846121570940333,-0.06846121570940333,0.0,16.095461897640917,-16.095461897640917,0.0,46.11102633747369,-46.11102633747369,-83.2354033935156,-277.29513505230585,0,0.0
2.08756,0.0,0.10485567263048212,-0.10485567263048212,0.0,16.326181829279477,-16.326181829279477,0.0,46.385692922757656,-46.385692922757656,-219.82838859522968,-732.348738861207,0,0.0
2.09858,0.0,0.04560916003229565,-0.04560916003229565,0.0,16.523941770683933,-16.523941770683933,0.0,46.46259956663717,-46.46259956663717,-414.58974236641217,-1381.1877387951859,0,0.0
2.10956,0.0,-0.14327232242701937,0.14327232242701937,0.0,16.655781731620237,-16.655781731620237,0.0,46.59443952757347,-46.59443952757347,-450.58054008367037,-1501.089519849386,0,0.0
2.12067,0.0,-0.3535661552123668,0.3535661552123668,0.0,16.88650166325877,-16.88650166325877,0.0,46.82515945921203,-46.82515945921203,143.43452984038493,477.8459129369952,0,0.0
2.13156,0.0,-0.3411443616107439,0.3411443616107439,0.0,17.424848170415345,-17.424848170415345,0.0,47.374492629779965,-47.374492629779965,317.43606471575583,1057.5244769305152,0,0.0
2.14261,0.0,-0.09077658937959487,0.09077658937959487,0.0,17.996154667806024,-17.996154667806024,0.0,48.09961241492964,-48.09961241492964,-176.58444834253598,-588.2834281439322,0,0.0
2.15374,0.0,0.043298870832300995,-0.043298870832300995,0.0,18.27082125308999,-18.27082125308999,0.0,48.40723899044771,-48.40723899044771,-700.7882156488549,-2334.645535178033,0,0.0
2.16555,0.0,-0.3438426360561011,0.3438426360561011,0.0,18.138981292153687,-18.138981292153687,0.0,48.53907895138401,-48.53907895138401,-438.99427177053536,-1462.4903696602091,0,0.0
2.17665,0.0,-0.7388502381484545,0.7388502381484545,0.0,18.27082125308999,-18.27082125308999,0.0,48.835718863490726,-48.835718863490726,-0.2793398185888236,-0.9306084858490503,0,0.0
2.1877,0.0,-0.7928402252037552,0.7928402252037552,0.0,18.732261116367084,-18.732261116367084,0.0,49.5937986388745,-49.5937986388745,214.93275751911756,716.0391563389875,0,0.0
2.19863,0.0,-0.5825903152952949,0.5825903152952949,0.0,19.33652760399184,-19.33652760399184,0.0,50.53865169225135,-50.53865169225135,108.33381738218816,360.9094123050287,0,0.0
2.20955,0.0,-0.2906777202371704,0.2906777202371704,0.0,19.786980803857546,-19.786980803857546,0.0,51.36265144810328,-51.36265144810328,-134.13327284600956,-446.8591788159655,0,0.0
2.22059,0.0,-0.25704001527954556,0.25704001527954556,0.0,19.83092745750298,-19.83092745750298,0.0,51.99987792596211,-51.99987792596211,-331.40315421671903,-1104.0552296097167,0,0.0
2.23164,0.0,-0.39575036912107375,0.39575036912107375,0.0,19.65514084292124,-19.65514084292124,0.0,52.60414441358684,-52.60414441358684,-259.23756735434716,-863.6387080422934,0,0.0
2.24255,0.0,-0.4809821513181385,0.4809821513181385,0.0,19.556260872219013,-19.556260872219013,0.0,53.25235755485703,-53.25235755485703,67.9310500881885,226.30934602903196,0,0.0
2.25355,0.0,-0.3645650370545508,0.3645650370545508,0.0,19.699087496566676,-19.699087496566676,0.0,54.13129062776575,-54.13129062776575,180.6768279781254,601.9170133429014,0,0.0
2.26455,0.0,-0.1885504160366005,0.1885504160366005,0.0,19.74303415021211,-19.74303415021211,0.0,54.94430372020632,-54.94430372020632,-77.06038464635213,-256.72332801305976,0,0.0
2.2757,0.0,-0.13489575870057902,0.13489575870057902,0.0,19.556260872219013,-19.556260872219013,0.0,55.46067690054018,-55.46067690054018,-332.0800704192319,-1106.3103465688725,0,0.0
2.28664,0.0,-0.2232445103036853,0.2232445103036853,0.0,19.270607623523688,-19.270607623523688,0.0,55.823236793115015,-55.823236793115015,-136.09676911014952,-453.4004814292932,0,0.0
2.29755,0.0,-0.3282016787880395,0.3282016787880395,0.0,19.116794335764666,-19.116794335764666,0.0,56.218756675923956,-56.218756675923956,220.94636920748906,736.0732427648726,0,0.0
2.30855,0.0,-0.22033670151338436,0.22033670151338436,0.0,19.18271431623282,-19.18271431623282,0.0,56.7461165196692,-56.7461165196692,145.74186717615504,485.53270716214877,0,0.0
2.31954,0.0,-0.04810302308748948,0.04810302308748948,0.0,19.24863429670097,-19.24863429670097,0.0,57.08670308542132,-57.08670308542132,-119.74241412213738,-398.9166573568136,0,0.0
2.33054,0.0,0.01240139595764278,-0.01240139595764278,0.0,19.07284768211923,-19.07284768211923,0.0,57.22952970976898,-57.22952970976898,-262.84165076335876,-875.645555548237,0,0.0
2.34163,0.0,-0.11015992751504289,0.11015992751504289,0.0,18.85311441389203,-18.85311441389203,0.0,57.207556382946265,-57.207556382946265,-54.21304003125313,-180.60839071074338,0,0.0
2.35268,0.0,-0.1961464242962503,0.1961464242962503,0.0,18.85311441389203,-18.85311441389203,0.0,57.2515030365917,-57.2515030365917,80.78130469738204,269.11941172266967,0,0.0
2.36366,0.0,-0.036754974654760186,0.036754974654760186,0.0,18.984954374828334,-18.984954374828334,0.0,57.33939634388257,-57.33939634388257,97.26521946564883,324.0348585818283,0,0.0
2.37462,0.0,0.06313002818001356,-0.06313002818001356,0.0,19.07284768211923,-19.07284768211923,0.0,57.26248970000306,-57.26248970000306,-146.13707293829677,-486.8493180118425,0,0.0
2.38559,0.0,-0.06969860439404219,0.06969860439404219,0.0,18.984954374828334,-18.984954374828334,0.0,57.08670308542132,-57.08670308542132,-263.4333517865557,-877.616781834752,0,0.0
2.39669,0.0,-0.28625613769757496,0.28625613769757496,0.0,18.85311441389203,-18.85311441389203,0.0,56.94387646107366,-56.94387646107366,20.99161483500825,69.93265405490989,0,0.0
2.40756,0.0,-0.2523940947615979,0.2523940947615979,0.0,18.91903439436018,-18.91903439436018,0.0,56.98782311471909,-56.98782311471909,254.13660144801713,846.6450614421113,0,0.0
2.41855,0.0,-0.022079859658689305,0.022079859658689305,0.0,19.1607409894101,-19.1607409894101,0.0,57.119663075655396,-57.119663075655396,119.28048664122134,397.3777659958934,0,0.0
2.42955,0.0,0.05445852774892579,-0.05445852774892579,0.0,19.1607409894101,-19.1607409894101,0.0,57.00979644154181,-57.00979644154181,-300.45425363140316,-1000.950310096656,0,0.0
2.44055,0.0,-0.10325790039128302,0.10325790039128302,0.0,18.897061067537464,-18.897061067537464,0.0,56.83400982696007,-56.83400982696007,-178.48293170309668,-594.608143089715,0,0.0
2.45164,0.0,-0.2568679422066307,0.2568679422066307,0.0,18.68831446272165,-18.68831446272165,0.0,56.713156529435125,-56.713156529435125,367.0491268482733,1222.8082408518978,0,0.0
2.46254,0.0,-0.14150895464847046,0.14150895464847046,0.0,18.85311441389203,-18.85311441389203,0.0,56.82302316354871,-56.82302316354871,282.45554189350617,940.9883828560116,0,0.0
2.47354,0.0,0.06008764208942585,-0.06008764208942585,0.0,18.984954374828334,-18.984954374828334,0.0,56.84499649037143,-56.84499649037143,-233.96810387229533,-779.4545868237403,0,0.0
2.48454,0.0,0.032914481986827226,-0.032914481986827226,0.0,18.7542344431898,-18.7542344431898,0.0,56.59230323191018,-56.59230323191018,-263.6279103053435,-878.2649450987393,0,0.0
2.49553,0.0,-0.16462476632262701,0.16462476632262701,0.0,18.490554521317193,-18.490554521317193,0.0,56.3396099734489,-56.3396099734489,286.10017768939224,953.130328879372,0,0.0
2.50662,0.0,-0.16227088897374742,0.16227088897374742,0.0,18.534501174962628,-18.534501174962628,0.0,56.317636646626184,-56.317636646626184,306.08359716066917,1019.7042238228104,0,0.0
2.51753,0.0,0.0728753900149699,-0.0728753900149699,0.0,18.721274452955726,-18.721274452955726,0.0,56.306649983214825,-56.306649983214825,-60.21304591112549,-200.59714997593184,0,0.0
2.52853,0.0,0.1678103995395941,-0.1678103995395941,0.0,18.622394482253497,-18.622394482253497,0.0,56.09790337839901,-56.09790337839901,-81.36711296917505,-271.0710065635527,0,0.0
2.53953,0.0,0.039355284097614796,-0.039355284097614796,0.0,18.402661214026324,-18.402661214026324,0.0,55.746330149235504,-55.746330149235504,-28.536307251908354,-95.06746949854366,0,0.0
2.55053,0.0,-0.010421211021371057,0.010421211021371057,0.0,18.314767906735455,-18.314767906735455,0.0,55.46067690054018,-55.46067690054018,215.2041507633588,716.9432911571774,0,0.0
2.56161,0.0,0.06260400096824537,-0.06260400096824537,0.0,18.35871456038089,-18.35871456038089,0.0,55.33982360301523,-55.33982360301523,41.00306745869628,136.59994022932506,0,0.0
2.57253,0.0,0.11961456947549731,-0.11961456947549731,0.0,18.44660786767176,-18.44660786767176,0.0,55.20798364207893,-55.20798364207893,79.4906025717784,264.81949359120495,0,0.0
2.58353,0.0,0.10209631189151125,-0.10209631189151125,0.0,18.35871456038089,-18.35871456038089,0.0,54.88937040314953,-54.88937040314953,97.68170698654401,325.4223686874528,0,0.0
2.59452,0.0,0.12506340421212414,-0.12506340421212414,0.0,18.336741233558172,-18.336741233558172,0.0,54.68062379833371,-54.68062379833371,87.52763380830297,291.5945144512024,0,0.0
2.60552,0.0,0.16021970635008032,-0.16021970635008032,0.0,18.314767906735455,-18.314767906735455,0.0,54.383983886227,-54.383983886227,19.085469538124187,63.582413700695895,0,0.0
2.61661,0.0,0.14025047733838658,-0.14025047733838658,0.0,18.248847926267274,-18.248847926267274,0.0,54.03241065706352,-54.03241065706352,-55.18593714725381,-183.84955524139338,0,0.0
2.62752,0.0,0.1018301980095333,-0.1018301980095333,0.0,18.182927945799122,-18.182927945799122,0.0,53.66985076448866,-53.66985076448866,59.548730995359364,198.38401365683785,0,0.0
2.63852,0.0,0.048963728074371105,-0.048963728074371105,0.0,18.160954618976405,-18.160954618976405,0.0,53.362224188970615,-53.362224188970615,62.669799618320575,208.78171835972591,0,0.0
2.64874,0.0,0.08192877056791437,-0.08192877056791437,0.0,18.248847926267274,-18.248847926267274,0.0,53.16446424756616,-53.16446424756616,135.55290414492558,451.58861889444137,0,0.0
2.65877,0.0,0.11040557278174434,-0.11040557278174434,0.0,18.27082125308999,-18.27082125308999,0.0,52.944730979338956,-52.944730979338956,94.21267595994316,313.8654423339624,0,0.0
2.67068,0.0,0.13425475549627963,-0.13425475549627963,0.0,18.27082125308999,-18.27082125308999,0.0,52.790917691579935,-52.790917691579935,60.199380769226224,200.55162514858702,0,0.0
2.68166,0.0,0.10404491438670149,-0.10404491438670149,0.0,18.182927945799122,-18.182927945799122,0.0,52.58217108676412,-52.58217108676412,47.09024681198774,156.87911413899417,0,0.0
2.69276,0.0,0.07096017872546456,-0.07096017872546456,0.0,18.095034638508253,-18.095034638508253,0.0,52.384411145359664,-52.384411145359664,45.465834230747284,151.46745410334606,0,0.0
2.7036,0.0,0.04235044148035305,-0.04235044148035305,0.0,18.084047975096894,-18.084047975096894,0.0,52.27454451124608,-52.27454451124608,54.80720419847326,182.5878228547027,0,0.0
2.71455,0.0,0.021628722860177252,-0.021628722860177252,0.0,18.062074648274177,-18.062074648274177,0.0,52.18665120395521,-52.18665120395521,115.34918893129769,384.2808182433818,0,0.0
2.72561,0.0,0.05525725881582577,-0.05525725881582577,0.0,18.084047975096894,-18.084047975096894,0.0,52.120731223487056,-52.120731223487056,195.28112660067126,650.5706005639198,0,0.0
2.73651,0.0,0.15306166902256235,-0.15306166902256235,0.0,18.084047975096894,-18.084047975096894,0.0,52.15369121372113,-52.15369121372113,352.12278432736343,1173.0817783560708,0,0.0
2.74751,0.0,0.3248536170076253,-0.3248536170076253,0.0,17.996154667806024,-17.996154667806024,0.0,52.1097445600757,-52.1097445600757,163.63804500991142,545.1530471498103,0,0.0
2.75851,0.0,0.43982217050977757,-0.43982217050977757,0.0,17.831354716635644,-17.831354716635644,0.0,51.89001129184852,-51.89001129184852,-395.6459339942612,-1318.0772631226448,0,0.0
2.76951,0.0,0.2574386311984609,-0.2574386311984609,0.0,17.490768150883497,-17.490768150883497,0.0,51.50547807245094,-51.50547807245094,-494.82959340975117,-1648.5033211615828,0,0.0
2.78059,0.0,-0.124251543028429,0.124251543028429,0.0,17.183141575365454,-17.183141575365454,0.0,51.25278481398969,-51.25278481398969,395.9712927353574,1319.1611816521938,0,0.0
2.79151,0.0,-0.08663889733191432,0.08663889733191432,0.0,17.29300820947904,-17.29300820947904,0.0,51.53843806268502,-51.53843806268502,560.7400214735943,1868.081052585691,0,0.0
2.80251,0.0,0.3095902022253645,-0.3095902022253645,0.0,17.55668813135165,-17.55668813135165,0.0,51.89001129184852,-51.89001129184852,-243.35640782445762,-810.7313141079112,0,0.0
2.81351,0.0,0.3999065382753102,-0.3999065382753102,0.0,17.446821497238062,-17.446821497238062,0.0,51.74718466750086,-51.74718466750086,-368.0329419217801,-1226.0857780842794,0,0.0
2.82451,0.0,0.09089187632210782,-0.09089187632210782,0.0,17.029328287606432,-17.029328287606432,0.0,51.43955809198279,-51.43955809198279,203.81165307129226,678.9896793849207,0,0.0
2.8356,0.0,0.1855575068180726,-0.1855575068180726,0.0,17.05130161442915,-17.05130161442915,0.0,51.49449140903958,-51.49449140903958,551.0159771368097,1835.6858207769947,0,0.0
2.84651,0.0,0.6350591652201363,-0.6350591652201363,0.0,17.29300820947904,-17.29300820947904,0.0,51.7361980040895,-51.7361980040895,222.5576408371055,741.4411242903348,0,0.0
2.85751,0.0,0.6805425350952716,-0.6805425350952716,0.0,17.20511490218817,-17.20511490218817,0.0,51.65929136020999,-51.65929136020999,-388.8963733298941,-1295.5913946140145,0,0.0
2.86851,0.0,0.3610008766127597,-0.3610008766127597,0.0,16.820581682790618,-16.820581682790618,0.0,51.27475814081241,-51.27475814081241,-537.8539073778587,-1791.836956440734,0,0.0
2.8795,0.0,-0.07187570473361049,0.07187570473361049,0.0,16.4799951170385,-16.4799951170385,0.0,50.98910489211708,-50.98910489211708,209.04244811334442,696.415846117835,0,0.0
2.89059,0.0,-0.024866988003890977,0.024866988003890977,0.0,16.611835077974803,-16.611835077974803,0.0,51.18686483352154,-51.18686483352154,415.7003339694656,1384.8876265352703,0,0.0
2.9015,0.0,0.3506497990891493,-0.3506497990891493,0.0,16.996368297372356,-16.996368297372356,0.0,51.637318033387274,-51.637318033387274,176.52710823664785,588.0924020689939,0,0.0
