t_s,theta_rad,dtheta_rad_s,psi_rad,dpsi_rad_s,theta_ref_rad,dtheta_ref_rad_s,psi_ref_rad,dpsi_ref_rad_s,e_theta_rad,e_dtheta_rad_s,e_psi_rad,e_dpsi_rad_s,u_PD_Nm,u_Nm,cbf_active,feasible,h1,h2,h3,h4,ISE_theta,ISE_dtheta,ISE_psi,ISE_dpsi
0.00523578100001032,3.619110146351953e-06,-0.001595386489540687,0.008691861252848335,-0.0018655704466451286,0.0,0.0,0.0,0.0,-3.619110146351953e-06,0.001595386489540687,-0.008691861252848335,0.0018655704466451286,-0.020628193860506655,-0.020628193860506655,0,1,0.2531075265463011,0.27049124905199773,20.00159538648954,19.99840461351046,0.0,0.0,0.0,0.0
0.010375100000601378,7.25617512656318e-06,0.001139939970518952,0.008695498317828546,0.000932285606170196,0.0,0.0,0.0,0.0,-7.25617512656318e-06,-0.001139939970518952,-0.008695498317828546,-0.000932285606170196,0.01504343542815718,0.01504343542815718,0,1,0.25310388948132084,0.270494886116978,19.998860060029482,20.001139939970518,1.6895520392953814e-13,9.879624325178882e-09,3.884300976136711e-07,1.1176758518456397e-08
0.01530784700116783,-0.00025860331223250856,-0.00996042918331036,0.008717260228198033,0.001331979328000961,0.0,0.0,0.0,0.0,0.00025860331223250856,0.00996042918331036,-0.008717260228198033,-0.001331979328000961,-0.1374764217310192,-0.1374764217310192,0,1,0.2530821275709514,0.27051664802734743,20.00996042918331,19.99003957081669,1.652392028341143e-10,2.577738694941176e-07,7.623380345516992e-07,1.7696186192492573e-08
0.02022518700141518,0.0002343074307610861,0.00548021681053896,0.008826675774220217,-0.0007997205217631091,0.0,0.0,0.0,0.0,-0.0002343074307610861,-0.00548021681053896,-0.008826675774220217,0.0007997205217631091,0.07848291814752403,0.07848291814752403,0,1,0.2529727120249292,0.2706260635733696,19.99451978318946,20.00548021681054,4.646453284514632e-10,5.755395739021654e-07,1.1407293909943074e-06,2.363073167689104e-08
0.025226915000530425,2.700102064916339e-05,-0.0009068435455803405,0.00890699076183685,0.0055953790275291015,0.0,0.0,0.0,0.0,-2.700102064916339e-05,0.0009068435455803405,-0.00890699076183685,-0.0055953790275291015,-0.010954634554485278,-0.010954634554485278,0,1,0.25289239703731253,0.2707063785609863,20.00090684354558,19.99909315645442,6.037659599712717e-10,6.527040864974638e-07,1.5339769744732404e-06,1.0352788301530169e-07
0.031314076000853674,-0.0001775535525877954,-0.03305642662854962,0.009181805184814155,-0.008660363717768104,0.0,0.0,0.0,0.0,0.0001775535525877954,0.03305642662854962,-0.009181805184814155,0.008660363717768104,-0.43521995094610794,-0.435219950946108,0,1,0.25261758261433526,0.27098119298396356,20.03305642662855,19.96694357337145,7.019345767902472e-10,3.981010649660051e-06,2.032028581515581e-06,4.27091431787182e-07
0.036227360000339104,-2.313181293871376e-05,0.009698384097872584,0.008665110329763269,0.002664291734103501,0.0,0.0,0.0,0.0,2.313181293871376e-05,-0.009698384097872584,-0.008665110329763269,-0.002664291734103501,0.12536422025253735,0.12536422025253735,0,1,0.25313427746938616,0.27046449812891266,19.990301615902126,20.009698384097874,7.806953663678303e-10,6.896518971055661e-06,2.4235919722754217e-06,6.287826002045714e-07
0.04122692200144229,-0.0003394895461013136,-0.021499897182235047,0.009115742990543489,0.0035969104183752915,0.0,0.0,0.0,0.0,0.0003394895461013136,0.021499897182235047,-0.009115742990543489,-0.0035969104183752915,-0.2899888903435862,-0.2899888903435862,0,1,0.25268364480860595,0.27091513078969287,20.021499897182235,19.978500102817765,1.07014059051351e-09,8.287157723126864e-06,2.8190095989855075e-06,6.788687497901101e-07
0.04628422300083912,-0.0013131661876048025,-0.10565643974327765,0.009771920936168495,-0.020384712891470466,0.0,0.0,0.0,0.0,0.0013131661876048025,0.10565643974327765,-0.009771920936168495,0.020384712891470466,-1.4141105518595978,-1.4141105518595978,0,1,0.2520274668629809,0.27157130873531793,20.105656439743278,19.894343560256722,5.721994198790883e-09,3.7684057028774796e-05,3.2705942343955306e-06,1.7623304627048388e-06
0.0512288219997572,-0.0023915107222380032,-0.011194297758428898,0.007926586007592473,0.02624622132211849,0.0,0.0,0.0,0.0,0.0023915107222380032,0.011194297758428898,-0.007926586007592473,-0.02624622132211849,-0.21942355217672999,-0.21942355217672999,0,1,0.2538728017915569,0.2697259738067419,20.01119429775843,19.98880570224157,2.4125121607526826e-08,6.559284618513905e-05,3.6620116690803433e-06,4.492739645202352e-06
0.05622793800102954,-0.006113635508470056,-0.13503725948511364,0.00794353939183167,0.04503182624816432,0.0,0.0,0.0,0.0,0.006113635508470056,0.13503725948511364,-0.00794353939183167,-0.04503182624816432,-1.9443957105182021,-1.9443957105182021,0,1,0.25385584840731773,0.2697429271909811,20.135037259485113,19.864962740514887,1.3184572992615837e-07,0.00011148566529050688,3.976782467355771e-06,1.1283362624823927e-05
0.06122898100147722,-0.014686145811587795,-0.5119554442583653,0.00867078761527063,0.0042630666214265615,0.0,0.0,0.0,0.0,0.014686145811587795,0.5119554442583653,-0.00867078761527063,-0.0042630666214265615,-7.109222680936811,-2.7,0,1,0.2531286001838788,0.27047017541442003,20.511955444258366,19.488044555741634,7.646262452933625e-07,0.000812465455128934,4.322560521492556e-06,1.6399527415337915e-05
0.06632633800109033,-0.024911362179921327,-0.6542362554954351,0.006019601387122456,0.06168573132444609,0.0,0.0,0.0,0.0,0.024911362179921327,0.6542362554954351,-0.006019601387122456,-0.06168573132444609,-9.274832412800226,-2.7,0,1,0.255779786412027,0.26781898918627184,20.654236255495434,19.345763744504566,2.8959811824376437e-06,0.002571368266871464,4.606529587133134e-06,2.6143898043866654e-05
0.07122928900025727,-0.04946097690081544,-1.535804160636578,0.007164164863312831,0.08420181098757905,0.0,0.0,0.0,0.0,0.04946097690081544,1.535804160636578,-0.007164164863312831,-0.08420181098757905,-21.493798274510713,-2.7,0,1,0.25463522293583657,0.26896355266246225,21.535804160636577,18.464195839363423,1.0414568780863095e-05,0.00940294284002137,4.821182887813191e-06,5.285290605705742e-05
0.0762350900004094,-0.08467451744160732,-2.6410628748898533,0.007807425239347806,0.05435801309088212,0.0,0.0,0.0,0.0,0.08467451744160732,2.6410628748898533,-0.007807425239347806,-0.05435801309088212,-36.95025996251376,-2.7,0,1,0.2539919625598016,0.2696068130384972,22.641062874889855,17.358937125110145,3.448286580976164e-05,0.03276478466189428,5.1022114269305984e-06,7.799388722395827e-05
0.08123122600045463,-0.130516619627425,-4.107688996383987,0.010956834466627796,0.006527997711800876,0.0,0.0,0.0,0.0,0.130516619627425,4.107688996383987,-0.010956834466627796,-0.006527997711800876,-57.432920499479266,-2.7,0,1,0.2508425533325216,0.2727562222657772,24.107688996383988,15.892311003616012,9.494700774046e-05,0.09233951470466817,5.5543819952581245e-06,8.54816170843951e-05
0.08622936100073275,-0.1930958413481348,-5.997962366383787,0.015009903219700527,-0.03903708657690605,0.0,0.0,0.0,0.0,0.1930958413481348,5.997962366383787,-0.015009903219700527,0.03903708657690605,-83.94017226064659,-2.7,0,1,0.24678948457944888,0.27680929101884993,25.99796236638379,14.002037633616213,0.0002306978336583103,0.22441188693415073,6.417433497460197e-06,8.939642852142532e-05
0.09222224500081211,-0.2715106329881957,-7.925533652248622,0.015019879360293042,-0.020651175372690973,0.0,0.0,0.0,0.0,0.2715106329881957,7.925533652248622,-0.015019879360293042,0.020651175372690973,-111.42161603856734,-2.7,0,1,0.24677950843885638,0.27681926715944244,27.92553365224862,12.074466347751379,0.0005633149646466877,0.5204293020768392,7.76851112871807e-06,9.524058464027778e-05
0.09723191800003406,-0.36551699125970166,-10.003861999754397,0.02081814610059664,-0.08726679567781806,0.0,0.0,0.0,0.0,0.36551699125970166,10.003861999754397,-0.02081814610059664,0.08726679567781806,-141.34468102673193,-2.7,0,1,0.24098124169855276,0.28261753389974603,30.0038619997544,9.996138000245603,0.0010826194079190618,0.9284454724301657,9.419178300846651e-06,0.00011538439127965529
0.10223018299984687,-0.4711279813905944,-12.223301684442944,0.020476587538355972,-0.08193754605340788,0.0,0.0,0.0,0.0,0.4711279813905944,12.223301684442944,-0.020476587538355972,0.08193754605340788,-173.46077652272766,-2.7,0,1,0.24132280026079345,0.28227597533750537,32.223301684442944,7.776698315557056,0.0019712215702744,1.5519449404379912,1.1550153206501287e-05,0.00015119509835235227
0.10723124400101369,-0.5716234993789512,-13.647166900884477,0.01719710198225175,-0.03930354905812655,0.0,0.0,0.0,0.0,0.5716234993789512,13.647166900884477,-0.01719710198225175,0.03930354905812655,-195.0763358423078,-2.7,0,1,0.24460228581689766,0.2789964897814012,33.64716690088448,6.352833099115523,0.003343300163630503,2.3912586764470047,1.3338109915349241e-05,0.0001718458055621064
0.11223095300010755,-0.6750643889574313,-14.993883675752118,0.015670060998923874,-0.036638924245921474,0.0,0.0,0.0,0.0,0.6750643889574313,14.993883675752118,-0.015670060998923874,0.036638924245921474,-215.77997740356216,-2.7,0,1,0.24612932680022553,0.2774694487980733,34.993883675752116,5.006116324247882,0.005299349700268711,3.4188531470381096,1.4691258977989734e-05,0.00017906333482230367
0.11723101400093583,-0.7636203667032414,-15.312377197229432,0.010524288594395585,-0.005995738905563009,0.0,0.0,0.0,0.0,0.7636203667032414,15.312377197229432,-0.010524288594395585,0.005995738905563009,-222.6567728951128,-2.7,0,1,0.2512750992047538,0.272323676393545,35.31237719722943,4.6876228027705675,0.007896451369158897,4.567080763214878,1.558204850095719e-05,0.0001825092760001491
0.1223410740003601,-0.8652607270911065,-16.104735051590584,0.006195834438025811,0.033707170796292735,0.0,0.0,0.0,0.0,0.8652607270911065,16.104735051590584,-0.006195834438025811,-0.033707170796292735,-236.09811213779278,-2.7,0,1,0.2556035533611236,0.2679952222371752,36.10473505159058,3.895264948409416,0.011299220368732746,5.82883477055289,1.5963128708202665e-05,0.00018550408350741075
0.12737517200002912,-0.9687692455680181,-16.976152098787292,0.006231019143395003,0.03903642042070289,0.0,0.0,0.0,0.0,0.9687692455680181,16.976152098787292,-0.006231019143395003,-0.03903642042070289,-250.62494697228655,-2.7,0,1,0.2555683686557544,0.26803040694254443,36.976152098787296,3.023847901212708,0.015545960212883136,7.207050566359103,1.6157480038933203e-05,0.00019219947281680998
0.13323263200072688,-1.067581811453812,-17.469064539166073,0.006743709273196414,0.03317424583385171,0.0,0.0,0.0,0.0,1.067581811453812,17.469064539166073,-0.006743709273196414,-0.03317424583385171,-260.08611698308175,-2.7,0,1,0.255055678525953,0.2685430970723458,37.46906453916607,2.530935460833927,0.02163257803438846,8.94483581290935,1.6404381391857797e-05,0.00019988555189269568
0.13823241600039182,-1.17868056885532,-17.878535805376096,0.008009044584311712,0.024114521472354433,0.0,0.0,0.0,0.0,1.17868056885532,17.878535805376096,-0.008009044584311712,-0.024114521472354433,-268.8421950475186,-2.7,0,1,0.2537903432148377,0.26980843238346114,37.878535805376096,2.121464194623904,0.02795485191879382,10.506793979340928,1.6678425577406383e-05,0.00020409047206322844
0.14323301400145283,-1.2659614669761619,-17.897014716996622,0.010178401157050909,0.003730141658985536,0.0,0.0,0.0,0.0,1.2659614669761619,17.897014716996622,-0.010178401157050909,-0.003730141658985536,-271.7794006505195,-2.7,0,1,0.2516209866420985,0.27197778895620034,37.89701471699662,2.1029852830033775,0.03543561231049436,12.106848269100013,1.709783734631268e-05,0.00020557921035194285
0.1482324080006947,-1.3571867816124732,-18.00794693854217,0.01080018619539252,-0.015321925748280804,0.0,0.0,0.0,0.0,1.3571867816124732,18.00794693854217,-0.01080018619539252,0.015321925748280804,-276.0403817528736,-2.7,0,1,0.2509992016037569,0.27259957399454193,38.00794693854217,1.9920530614578311,0.04404610458115678,13.71812618010555,1.764838029225849e-05,0.00020620082341679267
0.15323221000107878,-1.460073626223393,-18.55099644013299,0.011457044766753542,-0.014922232026450048,0.0,0.0,0.0,0.0,1.460073626223393,18.55099644013299,-0.011457044766753542,0.014922232026450048,-286.27922877203173,-2.7,0,1,0.2503423430323959,0.27325643256590293,38.55099644013299,1.449003559867009,0.053980138564037314,15.389124060755293,1.8268125491030685e-05,0.00020734436417409083
0.1582704009997542,-1.5500093798371561,-18.495074897621645,0.012505526634457356,-0.025713962515880633,0.0,0.0,0.0,0.0,1.5500093798371561,18.495074897621645,-0.012505526634457356,0.025713962515880633,-288.33126350604954,-2.7,0,1,0.24929386116469204,0.2743049144336068,38.49507489762165,1.5049251023783548,0.06540258430719378,17.117745692094147,1.8992748528946925e-05,0.00020957094451308896
0.1632320360004087,-1.6526189994891207,-18.842000314606796,0.012193250774616624,-0.025447500034660123,0.0,0.0,0.0,0.0,1.6526189994891207,18.842000314606796,-0.012193250774616624,0.025447500034660123,-296.0119311741022,-2.7,0,1,0.24960613702453277,0.27399263857376605,38.84200031460679,1.1579996853932037,0.07813830410609579,18.84709571527703,1.974955554943513e-05,0.0002128177965969027
0.16833000400038145,-1.7514384381900812,-18.967464258701998,0.010110475509694364,0.00013289816250868126,0.0,0.0,0.0,0.0,1.7514384381900812,18.967464258701998,-0.010110475509694364,-0.00013289816250868126,-300.6964831031995,-2.7,0,1,0.25168891228945506,0.27190986330884376,38.967464258701995,1.0325357412980019,0.09291906234949543,20.669072967485203,2.038908819068524e-05,0.00021446850058832307
0.1732320660012192,-1.849688832984678,-19.00156300601216,0.008500870351893054,0.006927691433631642,0.0,0.0,0.0,0.0,1.849688832984678,19.00156300601216,-0.008500870351893054,-0.006927691433631642,-304.1757040173846,-2.7,0,1,0.25329851744725634,0.27030025815104247,39.00156300601216,0.9984369939878412,0.10882352157805489,22.435835175268867,2.0816760040192934e-05,0.00021458617598501834
0.1782330340010958,-1.9398618002610863,-18.863095219686357,0.00912039095846609,0.011990478576821296,0.0,0.0,0.0,0.0,1.9398618002610863,18.863095219686357,-0.00912039095846609,-0.011990478576821296,-305.1619674839902,-2.7,0,1,0.2526789968406833,0.2709197787576155,38.86309521968636,1.1369047803136425,0.12678803029075275,24.228371537937484,2.1205451096143493e-05,0.00021506568001176935
0.18330031700133986,-2.031991286381959,-18.74151770892527,0.008550383114517479,0.02118343417892883,-0.03199128638195914,0.0,0.0,0.0,2.0,18.74151770892527,-0.008550383114517479,-0.02118343417892883,-305.43973021602847,-2.7,0,1,0.2532490046846319,0.2703497709136669,38.74151770892527,1.2584822910747313,0.14645685091294658,26.019810243770525,2.16014354023992e-05,0.00021656688656912965
0.18827187900024,-2.1298115597038128,-18.857784246115056,0.009096627815830743,0.014122178426585367,-0.12981155970381275,0.0,0.0,0.0,2.0,18.857784246115056,-0.009096627815830743,-0.014122178426585367,-306.9511951994957,-2.7,0,1,0.25270275998331865,0.27089601561498017,38.85778424611506,1.142215753884944,0.16634309890854715,27.776910675519083,2.1988863484395172e-05,0.000218178104703223
0.19325975500032655,-2.2356844414745254,-19.442162467985867,0.010794148795598866,-0.0015991079654246237,-0.23568444147452539,0.0,0.0,0.0,2.0,19.442162467985867,-0.010794148795598866,0.0015991079654246237,-314.54811208381625,-2.7,0,1,0.25100523900355054,0.2725935365947483,39.44216246798587,0.5578375320141333,0.18629460290889333,29.606497779513756,2.248581127103021e-05,0.00021868186289573612
0.19823329800055944,-2.330141327988181,-19.306349164684157,0.009814216543724084,-0.0034643453339681892,-0.33014132798818085,0.0,0.0,0.0,2.0,19.306349164684157,-0.009814216543724084,0.0034643453339681892,-312.782539140894,-2.7,0,1,0.2519851712554253,0.2716136043428735,39.30634916468416,0.693650835315843,0.2061887749098249,31.473398709513635,2.3015077052871915e-05,0.0002187180673913858
0.2032334510004148,-2.4153628089172345,-18.85303501304354,0.009249300346109957,-0.002398495409086154,-0.41536280891723454,0.0,0.0,0.0,2.0,18.85303501304354,-0.009249300346109957,0.002398495409086154,-306.889455169566,-2.7,0,1,0.2525500874530395,0.27104868814525934,38.85303501304354,1.1469649869564584,0.22618938690924628,33.293884532801954,2.3469761973940753e-05,0.00021876245492165238
0.20823434600060864,-2.5093669812613566,-18.913523433001465,0.010831305847111753,-0.016521006913773093,-0.5093669812613566,0.0,0.0,0.0,2.0,18.913523433001465,-0.010831305847111753,0.016521006913773093,-307.67580462901907,-2.7,0,1,0.2509680819520377,0.27263069364626114,38.913523433001465,1.0864765669985346,0.24619296691002168,35.07709941584372,2.3977019614943585e-05,0.0002194593207625215
0.21339305400033481,-2.603406850053049,-18.859422432816256,0.009980769919471975,-0.007727745033496314,-0.603406850053049,0.0,0.0,0.0,2.0,18.859422432816256,-0.009980769919471975,0.007727745033496314,-306.9724916266113,-2.7,0,1,0.2518186178796774,0.2717801577186214,38.85942243281626,1.140577567183744,0.2668277989089264,36.91720845240101,2.4536566498936167e-05,0.0002203173730818985
0.2182310240004881,-2.7060405466830906,-19.08339374194295,0.00906917428609702,0.0042630666214265615,-0.7060405466830906,0.0,0.0,0.0,2.0,19.08339374194295,-0.00906917428609702,-0.0042630666214265615,-309.88411864525835,-2.7,0,1,0.25273021351305236,0.27086856208524646,39.08339374194295,0.9166062580570511,0.28617967890953955,38.65852383044586,2.497649687608357e-05,0.00022050579213012535
0.22418189000018174,-2.7916074698754803,-19.074702050010675,0.009501049014546119,0.003063985455934266,-0.7916074698754803,0.0,0.0,0.0,2.0,19.074702050010675,-0.009501049014546119,-0.003063985455934266,-309.7711266501388,-2.7,0,1,0.2522983387846033,0.27130043681369553,39.07470205001067,0.925297949989325,0.3099831429083141,40.824699083715075,2.5489818144614213e-05,0.0002205878002524376
0.2292368210000859,-2.8990415766113267,-18.49278428001382,0.008678607036751095,0.01292309726109307,-0.8990415766113267,0.0,0.0,0.0,2.0,18.49278428001382,-0.008678607036751095,-0.01292309726109307,-302.20619564017966,-2.7,0,1,0.2531207807623983,0.2704779948359005,38.49278428001382,1.5072157199861813,0.33020286690793077,42.608653305987836,2.590833648719597e-05,0.00022103363113842184
0.23533635300009337,-3.0107392947487606,-19.279619542923264,0.009824350608155294,0.010391703689498252,-1.0107392947487606,0.0,0.0,0.0,2.0,19.279619542923264,-0.009824350608155294,-0.010391703689498252,-312.43505405800244,-2.7,0,1,0.2519750371909941,0.2716237384073047,39.279619542923264,0.720380457076736,0.3546009949079606,44.7852310437276,2.643239633671216e-05,0.00022187229833242844
0.24031565500081342,-3.124236755502937,-19.238631535732935,0.011663070343130601,-0.001332645484204119,-1.124236755502937,0.0,0.0,0.0,2.0,19.238631535732935,-0.011663070343130601,0.001332645484204119,-311.90220996452814,-2.7,0,1,0.25013631745601883,0.27346245814228,39.238631535732935,0.7613684642670648,0.3745182029108408,46.63212554177581,2.701135241456974e-05,0.00022214557101442076
0.2452383470008499,-3.2196053253682995,-19.22541171579104,0.011784804523648919,-0.0011994142435938586,-1.2196053253682995,0.0,0.0,0.0,2.0,19.22541171579104,-0.011784804523648919,0.0011994142435938586,-311.73035230528353,-2.7,0,1,0.25001458327550047,0.27358419232279835,39.22541171579104,0.77458828420896,0.3942089709109867,48.452885075275425,2.768799815748055e-05,0.00022215348310593484
0.2502379630004725,-3.3072305136438502,-18.94339993477074,0.012459385350765255,-0.0018655704466451286,-1.3072305136438502,0.0,0.0,0.0,2.0,18.94339993477074,-0.012459385350765255,0.0018655704466451286,-308.0641991520196,-2.7,0,1,0.24934000244838414,0.27425877314991465,38.94339993477074,1.0566000652292615,0.4142074349094772,50.27391735094335,2.8423236439236762e-05,0.0002221657795305438
0.25535137500082783,-3.3954461753423693,-18.728180965002842,0.013310483148856658,-0.011857913492414203,-1.3954461753423693,0.0,0.0,0.0,2.0,18.728180965002842,-0.013310483148856658,0.011857913492414203,-305.26635254503697,-2.7,0,1,0.24848890465029275,0.27510987094800604,38.72818096500284,1.2718190349971579,0.43466108291089844,52.08814867618056,2.9273098923554514e-05,0.00022253417648821763
0.2604592870011402,-3.503625399148043,-19.218288619038645,0.013756273885334598,-0.009459751161429619,-1.503625399148043,0.0,0.0,0.0,2.0,19.218288619038645,-0.013756273885334598,0.009459751161429619,-311.6377520475024,-2.7,0,1,0.2480431139138148,0.27555566168448403,39.218288619038645,0.7817113809613545,0.45509273091214786,53.92722016020866,3.0208878701769807e-05,0.00022312183411329895
0.26523881400134997,-3.606695283456027,-19.423131662626144,0.01221674297553184,-0.00026679555932208383,-1.6066952834560269,0.0,0.0,0.0,2.0,19.423131662626144,-0.01221674297553184,0.00026679555932208383,-314.30071161413986,-2.7,0,1,0.24958264482361756,0.27401613077468123,39.42313166262615,0.5768683373738561,0.474210838912987,55.71141916908847,3.101777512389878e-05,0.0002233358567246812
0.2702387640001689,-3.69344271494198,-19.06246896569308,0.01089286661496053,0.004529529102647066,-1.69344271494198,0.0,0.0,0.0,2.0,19.06246896569308,-0.01089286661496053,-0.004529529102647066,-309.61209655401,-2.7,0,1,0.2509065211841889,0.27269225441410994,39.06246896569308,0.9375310343069216,0.49421063890826267,57.56299006938624,3.168752680621059e-05,0.0002233873257443792
0.27524115800042637,-3.7871227428818472,-18.983534670342095,0.01049804533838813,0.002531060493493256,-1.7871227428818472,0.0,0.0,0.0,2.0,18.983534670342095,-0.01049804533838813,-0.002531060493493256,-308.5859507144472,-2.7,0,1,0.2513013424607613,0.2722974331375375,38.983534670342095,1.0164653296579047,0.5142202149092926,59.37323718011669,3.2259959503393816e-05,0.0002234546652238789
0.28041521700106387,-3.880200517082193,-18.872328671542334,0.009938487407395134,0.007194153914852146,-1.880200517082193,0.0,0.0,0.0,2.0,18.872328671542334,-0.009938487407395134,-0.007194153914852146,-307.14027273005036,-2.7,0,1,0.2518609003917543,0.2717378752065445,38.872328671542334,1.1276713284576658,0.5349164509118426,61.22694568931555,3.2800603364573356e-05,0.00022360513233835686
0.28541092700106674,-3.9791197319047997,-18.9845099003767,0.009769285804927117,0.009325853764616216,-1.9791197319047997,0.0,0.0,0.0,2.0,18.9845099003767,-0.009769285804927117,-0.009325853764616216,-308.5986287048971,-2.7,0,1,0.25203010199422227,0.27156867360407655,38.9845099003767,1.0154900996232996,0.5548992909118541,63.01684964703702,3.328571797152354e-05,0.0002239516532655602
0.2902394339998864,-4.0828504325494395,-19.288602397527995,0.010445152535752705,-0.004130501537019459,-2.0828504325494395,0.0,0.0,0.0,2.0,19.288602397527995,-0.010445152535752705,0.004130501537019459,-312.55183116786395,-2.7,0,1,0.25135423526339673,0.2722445403349021,39.288602397527995,0.7113976024720046,0.5742133189071327,64.785198107509,3.377952976044578e-05,0.0002242028143133673
0.29523994000010134,-4.176286947580348,-19.31838175367999,0.010485591766625595,0.002531060493493256,-2.1762869475803477,0.0,0.0,0.0,2.0,19.31838175367999,-0.010485591766625595,-0.002531060493493256,-312.93896279783985,-2.7,0,1,0.2513137960325238,0.272284979565775,39.318381753679986,0.68161824632001,0.5942153429079925,66.64851179593038,3.432720729530608e-05,0.00022426148852602192
0.30023922300097183,-4.268402539430769,-19.172901677187166,0.011271711382528832,-0.000666489281152849,-2.2684025394307694,0.0,0.0,0.0,2.0,19.172901677187166,-0.011271711382528832,0.000666489281152849,-311.04772180343315,-2.7,0,1,0.25052767641662055,0.27307109918167827,39.17290167718717,0.8270983228128337,0.6142124749114745,68.50024630020123,3.491962011169591e-05,0.00022427861225808858
0.3053436540012626,-4.3529436267364074,-18.74644596785971,0.011674810206058109,-0.011191757289362924,-2.3529436267364074,0.0,0.0,0.0,2.0,18.74644596785971,-0.011674810206058109,0.011191757289362924,-305.5037975821762,-2.7,0,1,0.2501245775930913,0.2734741980052075,38.746445967859714,1.2535540321402898,0.6346301989126376,70.33536426756059,3.559175288021464e-05,0.00022459942482558153
0.31118587300079525,-4.461225203724227,-19.26538071862325,0.011251257366447644,-0.003197882852747684,-2.4612252037242266,0.0,0.0,0.0,2.0,19.26538071862325,-0.011251257366447644,0.003197882852747684,-312.24994934210224,-2.7,0,1,0.25054813043270174,0.2730506451655971,39.26538071862325,0.7346192813767516,0.6579990749107681,72.4461116360101,3.6359689156977994e-05,0.00022499518224971694
0.3162353970001277,-4.561472140105416,-18.699287725349098,0.010617198398581714,0.005462147786918841,-2.5614721401054164,0.0,0.0,0.0,2.0,18.699287725349098,-0.010617198398581714,-0.005462147786918841,-304.89074042953825,-2.7,0,1,0.2511821894005677,0.2724165861977311,38.699287725349095,1.300712274650902,0.678197170908098,74.26600617658862,3.696390432751915e-05,0.00022509632803585818
0.32123958700140065,-4.6693854250958795,-19.20561404368957,0.009890820961628072,0.012256941058041801,-2.6693854250958795,0.0,0.0,0.0,2.0,19.20561404368957,-0.009890820961628072,-0.012256941058041801,-311.47298256796444,-2.7,0,1,0.25190856683752133,0.2716902087607775,39.20561404368957,0.7943859563104283,0.6982139309131897,76.06380890486915,3.74907285395179e-05,0.00022554687443409195
0.32624044499971205,-4.769253694688668,-19.411050954951197,0.010690040573834029,0.0027975229747137613,-2.7692536946886683,0.0,0.0,0.0,2.0,19.411050954951197,-0.010690040573834029,-0.0027975229747137613,-314.14366241436556,-2.7,0,1,0.25110934722531536,0.27248942837298346,39.41105095495119,0.5889490450488033,0.7182173629064353,77.92824006066158,3.802108279942842e-05,0.0002259420890883934
0.33223629200074356,-4.858795691893059,-19.133624209915983,0.011173540858482801,-0.0011994142435938586,-2.858795691893059,0.0,0.0,0.0,2.0,19.133624209915983,-0.011173540858482801,0.0011994142435938586,-310.5371147289078,-2.7,0,1,0.2506258469406666,0.27297292865763223,39.13362420991598,0.8663757900840174,0.7422007509105614,80.15535088517925,3.87379612048842e-05,0.0002259698640381531
0.33824239900059183,-4.957134880656384,-18.896966480542275,0.012351355709237939,0.0042630666214265615,-2.957134880656384,0.0,0.0,0.0,2.0,18.896966480542275,-0.012351355709237939,-0.0042630666214265615,-307.4605642470496,-2.7,0,1,0.24944803208991148,0.27415074350838736,38.896966480542275,1.1030335194577248,0.7662251789099545,82.32713190131025,3.957102026750377e-05,0.00022602876091904538
0.3432420160006586,-5.089829719356259,-19.28213140277956,0.012154107562985473,-0.007860976274106575,-3.089829719356259,0.0,0.0,0.0,2.0,19.28213140277956,-0.012154107562985473,0.007860976274106575,-312.4677082361343,-2.7,0,1,0.24964528023616395,0.27395349536213487,39.282131402779555,0.7178685972204413,0.7862236469102216,84.1492321517653,4.032165856048767e-05,0.00022622866731754685
0.34824294700047176,-5.181385278616588,-19.097060426547365,0.012445647977308827,-0.004396964018239964,-3.181385278616588,0.0,0.0,0.0,2.0,19.097060426547365,-0.012445647977308827,0.004396964018239964,-310.06178554511575,-2.7,0,1,0.2493537398218406,0.27424503577645826,39.097060426547365,0.9029395734526346,0.8062273709094742,85.99082076258219,4.107834063900208e-05,0.00022643152568413465
0.3531879350011877,-5.270529949735851,-18.86018871000132,0.012847105350871212,-0.004130501537019459,-3.2705299497358506,0.0,0.0,0.0,2.0,18.86018871000132,-0.012847105350871212,0.004130501537019459,-306.98245323001714,-2.7,0,1,0.2489522824482782,0.2746464931500206,38.860188710001324,1.1398112899986792,0.826007322912338,87.77201640622805,4.186939598073122e-05,0.00022652151046036726
0.35832136499993794,-5.373850415733719,-19.187925106349752,0.011632235546640385,0.0014652105686112213,-3.3738504157337186,0.0,0.0,0.0,2.0,19.187925106349752,-0.011632235546640385,-0.0014652105686112213,-311.24302638254676,-2.7,0,1,0.250167152252509,0.2734316233457898,39.18792510634975,0.812074893650248,0.8465410429073389,89.63001824282674,4.2640326848385676e-05,0.00022657081162679444
0.36324257500018575,-5.48019742272732,-19.451574457884593,0.009691795928505748,0.001998135531052231,-3.4801974227273202,0.0,0.0,0.0,2.0,19.451574457884593,-0.009691795928505748,-0.001998135531052231,-314.67046795249973,-2.7,0,1,0.2521075918706437,0.2714911837276551,39.45157445788459,0.5484255421154067,0.8662258829083301,91.46695883794429,4.320439547634594e-05,0.00022658591823464732
0.3682431920005911,-5.568689187805655,-19.186149195109206,0.010554411744509934,-0.003064651612137424,-3.5686891878056546,0.0,0.0,0.0,2.0,19.186149195109206,-0.010554411744509934,0.003064651612137424,-311.21993953641964,-2.7,0,1,0.25124497605463947,0.27235379954365935,39.18614919510921,0.8138508048907944,0.8862283509099514,93.33336929929816,4.371777510859874e-05,0.00022661938395157055
0.37324382699989656,-5.662983583802669,-19.150405355955442,0.011175076997920013,-0.001732339206034884,-3.662983583802669,0.0,0.0,0.0,2.0,19.150405355955442,-0.011175076997920013,0.001732339206034884,-310.7552696274208,-2.7,0,1,0.2506243108012294,0.27297446479706944,39.15040535595544,0.8495946440445579,0.9062308909071733,95.17071847834389,4.430854500972205e-05,0.00022665037060794324
0.37844103499992343,-5.750911843744589,-18.761002665766142,0.009437362575324543,0.004929222824477831,-3.750911843744589,0.0,0.0,0.0,2.0,18.761002665766142,-0.009437362575324543,-0.004929222824477831,-305.69303465495983,-2.7,0,1,0.2523620252238249,0.2712367503744739,38.76100266576614,1.2389973342338578,0.9270197229072809,97.03836959509964,4.486450635243566e-05,0.00022672130791522819
0.38324411600115127,-5.8514334463534805,-19.28860324037648,0.010062618167642333,0.008260003839734182,-3.8514334463534805,0.0,0.0,0.0,2.0,19.28860324037648,-0.010062618167642333,-0.008260003839734182,-312.5518421248943,-2.7,0,1,0.2517367696315071,0.2718620059667917,39.28860324037648,0.7113967596235184,0.9462320469121922,98.77714600310318,4.532156777289973e-05,0.00022694351021250098
0.38829182500012394,-5.9485670019615435,-19.07932764737689,0.009761599794860031,-0.0018655704466451286,-3.9485670019615435,0.0,0.0,0.0,2.0,19.07932764737689,-0.009761599794860031,0.0018655704466451286,-309.8312594158996,-2.7,0,1,0.2520377880042894,0.27156098759400943,39.079327647376886,0.9206723526231109,0.9664228829080829,100.63488200350477,4.581761904560011e-05,0.00022712449081265385
0.3932446830003755,-6.0497926287877055,-19.264787021744745,0.009970452567636678,-0.000666489281152849,-4.0497926287877055,0.0,0.0,0.0,2.0,19.264787021744745,-0.009970452567636678,0.000666489281152849,-312.2422312826817,-2.7,0,1,0.25182893523151273,0.2717698403667861,39.264787021744745,0.7352129782552552,0.9862343149090892,102.45543562400594,4.629977668866774e-05,0.00022713420970945898
0.3983933170002274,-6.142123577020336,-19.190873237927992,0.01073296339981523,-0.00013356431871183914,-4.142123577020336,0.0,0.0,0.0,2.0,19.190873237927992,-0.01073296339981523,0.00013356431871183914,-311.2813520930639,-2.7,0,1,0.2510664243993342,0.27253235119896463,39.19087323792799,0.8091267620720082,1.0068288509084966,104.3589413081403,4.6852241663905756e-05,0.00022713539916590758
0.4033098970012361,-6.239580779727936,-19.199400004015175,0.010779414522197066,-0.0015991079654246237,-4.239580779727936,0.0,0.0,0.0,2.0,19.199400004015175,-0.010779414522197066,0.0015991079654246237,-311.39220005219727,-2.7,0,1,0.25101997327695236,0.27257880232134646,39.199400004015175,0.8005999959848253,1.0264951709125314,106.1704713755918,4.742107099394881e-05,0.0002271417292275356
0.40824484800032224,-6.333832631933299,-19.148958007977136,0.01067563317331535,-0.001998801687255389,-4.333832631933299,0.0,0.0,0.0,2.0,19.148958007977136,-0.01067563317331535,0.001998801687255389,-310.7364541037028,-2.7,0,1,0.2511237546258341,0.27247502097246473,39.148958007977136,0.8510419920228642,1.046234974908876,107.98480500819797,4.798899729759893e-05,0.0002271578970016548
0.41331318599986844,-6.417278845336055,-18.679667054218786,0.010447877513355183,-0.002398495409086154,-4.417278845336055,0.0,0.0,0.0,2.0,18.679667054218786,-0.010447877513355183,0.002398495409086154,-304.63567170484424,-2.7,0,1,0.2513515102857942,0.2722472653125046,38.67966705421878,1.3203329457812139,1.0665083269070608,109.7982881585142,4.8554439554321465e-05,0.0002271826000516996
0.4184088760011946,-6.521473865823602,-19.03133823010648,0.010275929204303936,-0.001998801687255389,-4.521473865823602,0.0,0.0,0.0,2.0,19.03133823010648,-0.010275929204303936,0.001998801687255389,-309.20739699138426,-2.7,0,1,0.2515234585948455,0.27207531700345333,39.031338230106485,0.9686617698935187,1.0868910869123654,111.61011627153236,4.910159656918076e-05,0.00022720743641524262
0.42331984600059513,-6.621402099590334,-19.160280771446605,0.010535815646351015,0.0005325918843394464,-4.621402099590334,0.0,0.0,0.0,2.0,19.160280771446605,-0.010535815646351015,-0.0005325918843394464,-310.88365002880585,-2.7,0,1,0.2512635721527984,0.27233520344550044,39.16028077144661,0.8397192285533954,1.1065349669099676,113.40092160222822,4.963345003411887e-05,0.00022721794309743664
0.428248240999892,-6.718148347566723,-19.271173765676547,0.009663366912815576,0.003330447937154771,-4.718148347566723,0.0,0.0,0.0,2.0,19.271173765676547,-0.009663366912815576,-0.003330447937154771,-312.3252589537951,-2.7,0,1,0.25213602088633386,0.27146275471196496,39.27117376567655,0.7288262343234528,1.126248546907155,115.22071789658906,5.013709275189378e-05,0.00022724597466869194
0.4332476540002972,-6.811620317299071,-19.21802152900834,0.010531215635434524,0.0050624540650880765,-4.811620317299071,0.0,0.0,0.0,2.0,19.21802152900834,-0.010531215635434524,-0.0050624540650880765,-311.63427987710844,-2.7,0,1,0.2512681721637149,0.27233060343458393,39.21802152900834,0.7819784709916604,1.1462461989087758,117.07227672270119,5.064775070078217e-05,0.00022733776470284218
0.43924950099972193,-6.9007096483136765,-18.982101828572908,0.01146738210986817,-0.001998801687255389,-4.9007096483136765,0.0,0.0,0.0,2.0,18.982101828572908,-0.01146738210986817,0.001998801687255389,-308.56732377144783,-2.7,0,1,0.2503320056892812,0.2732667699090176,38.98210182857291,1.0178981714270918,1.1702535869064747,119.26190818057245,5.137519662954622e-05,0.00022742666300831213
0.4442489140001271,-7.0124861411725465,-18.881812317882968,0.011000370171949088,-0.001066183002983614,-5.0124861411725465,0.0,0.0,0.0,2.0,18.881812317882968,-0.011000370171949088,0.001066183002983614,-307.2635601324786,-2.7,0,1,0.2507990176272003,0.2727997579710985,38.88181231788297,1.118187682117032,1.1902512389080955,121.05380535288464,5.200639500914102e-05,0.0002274394913880366
0.4493462709997402,-7.103641360286432,-18.76663614074644,0.01140462933498727,0.000266129403118926,-5.103641360286432,0.0,0.0,0.0,2.0,18.76663614074644,-0.01140462933498727,-0.000266129403118926,-305.7662698297037,-2.7,0,1,0.25039475846416215,0.27320401713413667,38.76663614074644,1.2333638592535614,1.210640666906548,122.86007793772465,5.2646301186359466e-05,0.00022744256909842164
0.45424805500078946,-7.212376153691178,-19.338721539007555,0.011582471870121906,-0.005462813943121999,-5.212376153691178,0.0,0.0,0.0,2.0,19.338721539007555,-0.011582471870121906,0.005462813943121999,-313.2033800070982,-2.7,0,1,0.2502169159290275,0.2733818596692713,39.33872153900755,0.6612784609924454,1.2302478029107449,124.63984900209387,5.32938739710287e-05,0.0002275158830255161
0.45924869000009494,-7.30884938858766,-19.32492620928226,0.010887162417249779,-0.001332645484204119,-5.30884938858766,0.0,0.0,0.0,2.0,19.32492620928226,-0.010887162417249779,0.001332645484204119,-313.0240407206694,-2.7,0,1,0.2509122253818996,0.2726865502163992,39.32492620928226,0.6750737907177395,1.2502503429079668,126.5086836230863,5.392566409840264e-05,0.0002275949387647184
0.46424877000026754,-7.397652492230667,-19.02721343554022,0.011150818270853343,-0.001332645484204119,-5.397652492230667,0.0,0.0,0.0,2.0,19.02721343554022,-0.011150818270853343,0.001332645484204119,-309.15377466202284,-2.7,0,1,0.25064856952829606,0.27295020607000275,39.02721343554022,0.9727865644597813,1.2702506629086572,128.34743210294425,5.453285144728868e-05,0.00022760381862672708
0.469288405000043,-7.48867569127938,-18.843390438539306,0.010632485707392924,0.0034636791777650313,-5.48867569127938,0.0,0.0,0.0,2.0,18.843390438539306,-0.010632485707392924,-0.0034636791777650313,-306.764075701011,-2.7,0,1,0.25116690209175646,0.27243187350654235,38.8433904385393,1.1566095614606944,1.290409202907759,130.15441393075352,5.5131032184573025e-05,0.00022763852411708115
0.47521227200013527,-7.590580109804499,-19.11936868380173,0.010258420580455273,0.0034636791777650313,-5.590580109804499,0.0,0.0,0.0,2.0,19.11936868380173,-0.010258420580455273,-0.0034636791777650313,-310.3517928894225,-2.7,0,1,0.2515409672186941,0.2720578083796047,39.11936868380173,0.8806313161982686,1.314104670908128,132.28885317793575,5.577757767608982e-05,0.00022770959318456845
0.4802903140007402,-7.6889754509181465,-18.500533154312617,0.01003784989148884,0.007060922674241886,-5.6889754509181465,0.0,0.0,0.0,2.0,18.500533154312617,-0.01003784989148884,-0.007060922674241886,-302.306931006064,-2.7,0,1,0.2517615379076606,0.2718372376906382,38.50053315431262,1.4994668456873832,1.3344168389105477,134.0860229864705,5.6300599811448875e-05,0.00022786664103405604
0.4852494120004849,-7.797791030547656,-19.101551196894107,0.010134906201859773,0.000932285606170196,-5.797791030547656,0.0,0.0,0.0,2.0,19.101551196894107,-0.010134906201859773,-0.000932285606170196,-310.1201655596234,-2.7,0,1,0.25166448159728966,0.27193429400100916,39.10155119689411,0.898448803105893,1.3542532309095265,135.839408749799,5.6805125434636875e-05,0.0002279924181046688
0.4901927330010949,-7.893434890936867,-19.18329851304477,0.010652466453229984,-0.002798189130916919,-5.893434890936867,0.0,0.0,0.0,2.0,19.18329851304477,-0.010652466453229984,0.002798189130916919,-311.182880669582,-2.7,0,1,0.2511469213459194,0.2724518542523794,39.183298513044775,0.8167014869552283,1.3740265149119666,137.6508101315899,5.733947709265131e-05,0.000228013919125986
0.4952504230004706,-7.983817056873696,-18.972708245236984,0.01039167180468201,-0.0014658767248143792,-5.983817056873696,0.0,0.0,0.0,2.0,18.972708245236984,-0.01039167180468201,0.0014658767248143792,-308.44520718808076,-2.7,0,1,0.2514077159944674,0.27219105960383144,38.97270824523699,1.0272917547630165,1.3942572749094695,139.49171471255835,5.78995198717222e-05,0.00022803915360280545
0.5002514660009183,-8.084955450538397,-19.177652811770045,0.009824893545733187,-0.000666489281152849,-6.084955450538397,0.0,0.0,0.0,2.0,19.177652811770045,-0.009824893545733187,0.000666489281152849,-311.1094865530106,-2.7,0,1,0.2519744942534162,0.2716242813448826,39.177652811770045,0.8223471882299549,1.4142614469112602,141.31145929609275,5.841091496673963e-05,0.00022804563746139244
0.5052510269997583,-8.176947789878573,-19.047435188833884,0.010350770474909626,-0.005462813943121999,-6.176947789878573,0.0,0.0,0.0,2.0,19.047435188833884,-0.010350770474909626,0.005462813943121999,-309.4166574548405,-2.7,0,1,0.2514486173242398,0.27215015827405903,39.04743518883389,0.9525648111661162,1.4342596909066203,143.13776681839263,5.892003771824195e-05,0.00022812134717382608
0.5103997540009004,-8.264986134062141,-18.76554358960756,0.010516321594765975,-0.004130501537019459,-6.264986134062141,0.0,0.0,0.0,2.0,18.76554358960756,-0.010516321594765975,0.004130501537019459,-305.7520666648983,-2.7,0,1,0.25128306620438345,0.27231570939391536,38.76554358960756,1.2344564103924398,1.4548545989111887,144.97830906758992,5.948055766575624e-05,0.0002282420935210976
0.515212631000395,-8.369166722228627,-19.002721036737448,0.009591815212835184,0.007194153914852146,-6.369166722228627,0.0,0.0,0.0,2.0,19.002721036737448,-0.009591815212835184,-0.007194153914852146,-308.8353734775868,-2.7,0,1,0.2522075725863142,0.2713912030119846,39.00272103673745,0.997278963262552,1.4741061069091672,146.69469900054122,5.996809233316617e-05,0.00022840769714304397
0.5203809869999532,-8.456892379696052,-18.86712995565659,0.009878305450345893,-0.001998801687255389,-6.456892379696052,0.0,0.0,0.0,2.0,18.86712995565659,-0.009878305450345893,0.001998801687255389,-307.0726894235357,-2.7,0,1,0.2519210823488035,0.2716776932494953,38.867129955656594,1.1328700443434094,1.4947795309073997,148.5477406860713,6.045801071552855e-05,0.0002285517678024928
0.5252513270006602,-8.565301674787243,-19.380955546961633,0.010189898700551366,0.00039936064372918614,-6.565301674787243,0.0,0.0,0.0,2.0,19.380955546961633,-0.010189898700551366,-0.00039936064372918614,-313.75242211050124,-2.7,0,1,0.25160948909859804,0.2719892864997008,39.38095554696163,0.6190444530383665,1.514260890910228,150.3292867813335,6.094849036937018e-05,0.00022856188519625254
0.530251259000579,-8.65295052677518,-19.030514238881015,0.009690330224366769,0.010524934930108497,-6.6529505267751805,0.0,0.0,0.0,2.0,19.030514238881015,-0.009690330224366769,-0.010524934930108497,-309.1966851054532,-2.7,0,1,0.25210905757478264,0.2714897180235162,39.03051423888101,0.9694857611189853,1.534260618909903,152.1737164719925,6.144282498478188e-05,0.00022883921578501767
0.5352517829996941,-8.734672459790666,-18.523577092054293,0.010228116959246632,0.0005325918843394464,-6.734672459790666,0.0,0.0,0.0,2.0,18.523577092054293,-0.010228116959246632,-0.0005325918843394464,-302.6065021967058,-2.7,0,1,0.25157127083990277,0.27202750475839604,38.523577092054296,1.4764229079457074,1.5542627149063635,153.93710970712996,6.193916918708892e-05,0.0002291168896556365
0.5413257780001004,-8.836176957889451,-18.83370691081346,0.009103486667729782,-0.00040002679993234405,-6.836176957889451,0.0,0.0,0.0,2.0,18.83370691081346,-0.009103486667729782,0.00040002679993234405,-306.638189840575,-2.7,0,1,0.2526959011314196,0.2709028744668792,38.83370691081346,1.1662930891865386,1.5785586949079886,156.0564219982549,6.250856930683562e-05,0.00022911823709719075
0.5462986540005659,-8.96274729686699,-19.306268567691436,0.008607193694542579,0.002664291734103501,-6.96274729686699,0.0,0.0,0.0,2.0,19.306268567691436,-0.008607193694542579,-0.002664291734103501,-312.78149137998867,-2.7,0,1,0.2531921941046068,0.270406581493692,39.30626856769143,0.6937314323085637,1.5984501989098505,157.86515775509034,6.289883378462188e-05,0.00022913628483750944
0.5512527160008176,-9.051474527161787,-19.05467801655,0.00952196569181187,-0.011058526048752671,-7.051474527161787,0.0,0.0,0.0,2.0,19.05467801655,-0.00952196569181187,0.011058526048752671,-309.51081421515,-2.7,0,1,0.25227742210733756,0.27132135349096126,39.05467801655,0.9453219834500004,1.6182664469108574,159.68778877269668,6.330692863965077e-05,0.00022945678651331425
0.5562532399999327,-9.14606820911762,-19.009753766912674,0.008884606993973969,-0.000666489281152849,-7.146068209117621,0.0,0.0,0.0,2.0,19.009753766912674,-0.008884606993973969,0.000666489281152849,-308.92679896986476,-2.7,0,1,0.25291478080517543,0.2706839947931234,39.009753766912674,0.9902462330873263,1.6382685429073178,161.4991073101498,6.373098325602615e-05,0.0002297636566857161
0.5612536349999573,-9.23768992380445,-18.824533293022462,0.007863632591641866,0.006661228952411137,-7.237689923804449,0.0,0.0,0.0,2.0,18.824533293022462,-0.007863632591641866,-0.006661228952411137,-306.518932809292,-2.7,0,1,0.25393575520750755,0.26966302039079126,38.82453329302246,1.175466706977538,1.6582701229074162,163.28858314752944,6.408294345612154e-05,0.00022987570598470786
0.5662662330014427,-9.328813849303712,-18.733793675761866,0.008395059168545717,-0.002531726649696414,-7.328813849303712,0.0,0.0,0.0,2.0,18.733793675761866,-0.008395059168545717,0.002531726649696414,-305.33931778490427,-2.7,0,1,0.2534043286306037,0.2701944469676951,38.733793675761866,1.2662063242381336,1.678320514913358,165.0563211445994,6.441456124039203e-05,0.00023000297988557623
0.5712539050000487,-9.436176870614313,-19.261257463270354,0.008506566809181264,0.0042630666214265615,-7.436176870614313,0.0,0.0,0.0,2.0,19.261257463270354,-0.008506566809181264,-0.0042630666214265615,-312.1963470225146,-2.7,0,1,0.25329282098996814,0.2703059546083307,39.261257463270354,0.7387425367296458,1.6982712029077818,166.8567486991153,6.477077752586829e-05,0.00023006428679574295
0.5762540220002847,-9.532784527200704,-19.228666915887835,0.007101592870943042,0.004129835380816301,-7.532784527200704,0.0,0.0,0.0,2.0,19.228666915887835,-0.007101592870943042,-0.004129835380816301,-311.77266990654186,-2.7,0,1,0.2546977949282064,0.26890098067009244,39.228666915887835,0.7713330841121646,1.718271670908726,168.7086362084278,6.507777045980858e-05,0.00023015236204988824
0.5812539720009227,-9.61849053567435,-18.876108106477048,0.008544867909049566,0.0011987480873907163,-7.618490535674351,0.0,0.0,0.0,2.0,18.876108106477048,-0.008544867909049566,-0.0011987480873907163,-307.1894053842016,-2.7,0,1,0.25325451989009984,0.270344255708199,38.87610810647705,1.123891893522952,1.7382714709112776,170.5237407789561,6.538638584588258e-05,0.00023019859293070487
0.5861991080000735,-9.704364056862358,-18.595564131054072,0.009724756433551885,-0.011324988529973185,-7.704364056862358,0.0,0.0,0.0,2.0,18.595564131054072,-0.009724756433551885,0.011324988529973185,-303.5423337037029,-2.7,0,1,0.25207463136559755,0.27152414423270127,38.595564131054076,1.404435868945928,1.7580520149078809,172.25973686040282,6.580075277430345e-05,0.00023051926611522306
0.5913568710002437,-9.80686272051,-18.99505706839213,0.009906931775004285,0.0010655168467804562,-7.806862720510001,0.0,0.0,0.0,2.0,18.99505706839213,-0.009906931775004285,-0.0010655168467804562,-308.73574188909765,-2.7,0,1,0.2518924560241451,0.2717063195741537,38.99505706839213,1.0049429316078715,1.7786830669085618,174.08199309214132,6.629775013603722e-05,0.00023085294937544117
0.5962977660001343,-9.90626346324092,-19.439968658163483,0.010310814055895541,0.002664291734103501,-7.90626346324092,0.0,0.0,0.0,2.0,19.439968658163483,-0.010310814055895541,-0.002664291734103501,-314.5195925561253,-2.7,0,1,0.25148857374325384,0.272110201855045,39.43996865816348,0.5600313418365168,1.7984466469081242,175.90697337026876,6.680285828567215e-05,0.00023087329048824585
0.6012550129998999,-9.999298463239219,-18.953011019263112,0.010273399323163892,-0.0050631202212912335,-7.999298463239219,0.0,0.0,0.0,2.0,18.953011019263112,-0.010273399323163892,0.0050631202212912335,-308.18914325042044,-2.7,0,1,0.2515259884759855,0.2720727871223133,38.953011019263116,1.046988980736888,1.8182756349071867,177.73403865225688,6.732796860435432e-05,0.0002309544248497037
0.6062554440013628,-10.094953247143465,-19.0629667176963,0.010684162260256133,-0.008793594958378349,-8.094953247143465,0.0,0.0,0.0,2.0,19.0629667176963,-0.010684162260256133,0.008793594958378349,-309.61856733005186,-2.7,0,1,0.25111522553889326,0.27248355005940555,39.0629667176963,0.9370332823037018,1.8382773589130381,179.54072769289812,6.787725109072593e-05,0.00023121185328486564
0.6113014680013293,-10.187939278150896,-18.94415767535242,0.010312221321419126,0.0042630666214265615,-8.187939278150896,0.0,0.0,0.0,2.0,18.94415767535242,-0.010312221321419126,-0.0042630666214265615,-308.07404977958146,-2.7,0,1,0.2514871664777303,0.27211160912056853,38.94415767535242,1.0558423246475783,1.8584614549129044,181.3630432751238,6.843355816043562e-05,0.00023145280357828762
0.6162881960008235,-10.280608125168293,-18.823834784788243,0.009873969175647063,-0.0005332580405425887,-8.280608125168293,0.0,0.0,0.0,2.0,18.823834784788243,-0.009873969175647063,0.0005332580405425887,-306.50985220224715,-2.7,0,1,0.2519254186235024,0.27167335697479644,38.82383478478825,1.176165215211757,1.878408366910881,183.14135502626846,6.894179843654393e-05,0.00023149882634321498
0.621322738001254,-10.379246733619638,-19.320146326995328,0.009889500145197076,-0.0018655704466451286,-8.379246733619638,0.0,0.0,0.0,2.0,19.320146326995328,-0.009889500145197076,0.0018655704466451286,-312.96190225093926,-2.7,0,1,0.25190988765395234,0.2716888879443465,39.32014632699533,0.679853673004672,1.8985465349126032,184.97293351435414,6.943341512037873e-05,0.00023150830315672006
0.6262560040013341,-10.483972245975892,-19.251345694756328,0.009282933766681626,0.007993541358513677,-8.483972245975892,0.0,0.0,0.0,2.0,19.251345694756328,-0.009282933766681626,-0.007993541358513677,-312.06749403183227,-2.7,0,1,0.2525164540324678,0.271082321565831,39.251345694756324,0.7486543052436723,1.9182795989129233,186.80781830439457,6.988721410524016e-05,0.0002316744976278313
0.6312564540003223,-10.573012809552953,-19.07683429023717,0.010171993879416464,0.0006658231249496911,-8.573012809552953,0.0,0.0,0.0,2.0,19.07683429023717,-0.010171993879416464,-0.0006658231249496911,-309.7988457730832,-2.7,0,1,0.25162739391973293,0.2719713816785659,39.07683429023717,0.9231657097628307,1.938281398908876,188.6443333694949,7.036136257166465e-05,0.0002318353621640141
0.6363270880010532,-10.661761167421808,-18.862692409936724,0.011257385901112927,-0.008527132477157844,-8.661761167421808,0.0,0.0,0.0,2.0,18.862692409936724,-0.011257385901112927,0.008527132477157844,-307.0150013291774,-2.7,0,1,0.2505420018980365,0.2730567737002623,38.86269240993673,1.1373075900632763,1.9585639349117998,190.46906888886923,7.094498797348916e-05,0.00023202083406187056
0.6422566769997502,-10.768377858492967,-19.24904336734909,0.009526631201636262,0.002264598012272736,-8.768377858492967,0.0,0.0,0.0,2.0,19.24904336734909,-0.009526631201636262,-0.002264598012272736,-312.03756377553816,-2.7,0,1,0.25227275659751314,0.2713260190007857,39.24904336734909,0.7509566326509116,1.9822822909065878,192.6224786955184,7.158978760784711e-05,0.00023225161482920436
0.6472544980006205,-10.877269751912436,-19.037452423425005,0.009930868919019512,0.001598441809221466,-8.877269751912436,0.0,0.0,0.0,2.0,19.037452423425005,-0.009930868919019512,-0.001598441809221466,-309.28688150452507,-2.7,0,1,0.2518685188801299,0.2717302567181689,39.03745242342501,0.9625475765749947,2.002273574910069,194.4540558098539,7.20630284285089e-05,0.00023227081500905785
0.6522575030012376,-10.966116099113167,-19.094325057341663,0.009671912218683725,-0.002132032927865649,-8.966116099113167,0.0,0.0,0.0,2.0,19.094325057341663,-0.009671912218683725,0.002132032927865649,-310.02622574544165,-2.7,0,1,0.25212747558046567,0.27147130001783315,39.09432505734166,0.9056749426583366,2.0222855949125376,196.2726927648131,7.254373726968516e-05,0.00023228857712923986
0.6572574720012199,-11.076732491323698,-19.32657550730349,0.008543398743491417,0.0035969104183752915,-9.076732491323698,0.0,0.0,0.0,2.0,19.32657550730349,-0.008543398743491417,-0.0035969104183752915,-313.0454815949454,-2.7,0,1,0.253255989055658,0.2703427865426408,39.32657550730349,0.6734244926965083,2.0422854709124665,198.1179557496924,7.296007355852322e-05,0.0002323322851806564
0.6632550419999461,-11.165939045290624,-19.097429276073278,0.010033458860302446,-0.004929888980680989,-9.165939045290624,0.0,0.0,0.0,2.0,19.097429276073278,-0.010033458860302446,0.004929888980680989,-310.0665805889526,-2.7,0,1,0.251765928938847,0.27183284665945184,39.09742927607328,0.902570723926722,2.0662757509073715,200.3317437791888,7.348084243793771e-05,0.0002324439646418842
0.6682582140001614,-11.262952543606914,-18.77279953640003,0.009948371578535575,0.001598441809221466,-9.262952543606914,0.0,0.0,0.0,2.0,18.77279953640003,-0.009948371578535575,-0.001598441809221466,-305.8463939732004,-2.7,0,1,0.25185101622061384,0.27174775937768497,38.77279953640003,1.2272004635999707,2.0862884389082326,202.12570566561172,7.398026005203871e-05,0.0002325111542939264
0.673257738000757,-11.37711378371807,-19.248337980995622,0.01093156435804764,-0.006661895108614279,-9.37711378371807,0.0,0.0,0.0,2.0,19.248337980995622,-0.01093156435804764,0.006661895108614279,-312.0283937529431,-2.7,0,1,0.25086782344110176,0.27273095215719706,39.24833798099562,0.7516620190043781,2.106286534910615,203.93282490535708,7.45263810473819e-05,0.00023262848277984417
0.6782574660010141,-11.466268842212521,-18.94923348295851,0.010651517761719694,-0.0009329517623733538,-9.466268842212521,0.0,0.0,0.0,2.0,18.94923348295851,-0.010651517761719694,0.0009329517623733538,-308.14003527846063,-2.7,0,1,0.2511478700374297,0.2724509055608691,38.949233482958505,1.0507665170414917,2.1262854469116435,205.75665559521948,7.51087341905333e-05,0.00023274160473925334
0.6832573230003618,-11.561244490675572,-18.87606467325066,0.00876932836347982,0.007460616396072651,-9.561244490675572,0.0,0.0,0.0,2.0,18.87606467325066,-0.00876932836347982,-0.007460616396072651,-307.18884075225856,-2.7,0,1,0.2530300594356696,0.27056871616262923,38.87606467325066,1.12393532674934,2.146284874909034,207.5450526132196,7.558461045645765e-05,0.00023288292868725504
0.6882590140012326,-11.661945803888791,-19.15252557135157,0.009406620949955062,0.0007990543655599512,-9.661945803888791,0.0,0.0,0.0,2.0,19.15252557135157,-0.009406620949955062,-0.0007990543655599512,-310.78283242757044,-2.7,0,1,0.25239276684919437,0.27120600874910444,39.152525571351575,0.8474744286484288,2.1662916389125173,209.35347664904208,7.599821438419295e-05,0.0002330237245005461
0.6932628530012153,-11.752888987821965,-19.030587532788143,0.010981653286132506,-0.002531726649696414,-9.752888987821965,0.0,0.0,0.0,2.0,19.030587532788143,-0.010981653286132506,0.002531726649696414,-309.1976379262459,-2.7,0,1,0.2508177345130169,0.2727810410852819,39.03058753278815,0.9694124672118569,2.186306994912448,211.1773321749509,7.652131878208797e-05,0.00023304135834869693
0.6982592470012605,-11.855278195939336,-19.27896432865202,0.010314546165428273,0.0055953790275291015,-9.855278195939336,0.0,0.0,0.0,2.0,19.27896432865202,-0.010314546165428273,-0.0055953790275291015,-312.42653627247626,-2.7,0,1,0.25148484163372115,0.27211393396457767,39.27896432865202,0.7210356713479804,2.206292570912629,213.0106133769043,7.708837595404364e-05,0.00023313558510903897
0.7032591420011158,-11.947597216372149,-19.132800051484274,0.01032199440348311,-0.004530195258850224,-9.947597216372149,0.0,0.0,0.0,2.0,19.132800051484274,-0.01032199440348311,0.004530195258850224,-310.5264006692956,-2.7,0,1,0.25147739339566627,0.27212138220263254,39.132800051484274,0.8671999485157258,2.2262921509120503,214.85493090385827,7.762069835268383e-05,0.00023326515972677366
0.7082597770004213,-12.03955044456794,-19.018697363968137,0.011078730075529944,-0.008926826198988609,-10.03955044456794,0.0,0.0,0.0,2.0,19.018697363968137,-0.011078730075529944,0.008926826198988609,-309.0430657315858,-2.7,0,1,0.25072065772361946,0.27287811787467936,39.01869736396814,0.9813026360318631,2.2462946909092723,216.67459919021294,7.819397572096475e-05,0.0002335157187813737
0.7142062180009816,-12.126134976775417,-18.692235308071073,0.011643481379806168,-0.001998801687255389,-10.126134976775417,0.0,0.0,0.0,2.0,18.692235308071073,-0.011643481379806168,0.001998801687255389,-304.79905900492395,-2.7,0,1,0.25015590641934327,0.27344286917895555,38.692235308071076,1.3077646919289272,2.2700804549115134,218.78888753720685,7.896198509353306e-05,0.0002337645280833875
0.7192608710010973,-12.233055593504876,-18.557124787819347,0.012772636397044233,-0.0018655704466451286,-10.233055593504876,0.0,0.0,0.0,2.0,18.557124787819347,-0.012772636397044233,0.0018655704466451286,-303.04262224165154,-2.7,0,1,0.24902675140210517,0.27457202419619364,38.55712478781935,1.4428752121806525,2.290299066911976,220.54226210164265,7.971692506486907e-05,0.00023378342126750408
0.7242607839998527,-12.352145238962379,-19.59077537483406,0.012758249599163208,-0.005196351461901495,-10.352145238962379,0.0,0.0,0.0,2.0,19.59077537483406,-0.012758249599163208,0.005196351461901495,-316.4800798728428,-2.7,0,1,0.2490411381999862,0.2745576373983126,39.59077537483406,0.4092246251659404,2.310298718906998,222.36264382644111,8.053169382085734e-05,0.00023385962599551728
0.7292607899998984,-12.443338195173654,-19.291442618643753,0.012070159873139865,-0.002798189130916919,-10.443338195173654,0.0,0.0,0.0,2.0,19.291442618643753,-0.012070159873139865,0.002798189130916919,-312.5887540423688,-2.7,0,1,0.24972922792600954,0.27386954767228927,39.29144261864376,0.7085573813562469,2.3302987429071806,224.25254168957218,8.130284897674373e-05,0.00023394670592733383
0.7342598510003882,-12.536693364923396,-19.132612243608946,0.011329080191993655,0.0011987480873907163,-10.536693364923396,0.0,0.0,0.0,2.0,19.132612243608946,-0.011329080191993655,-0.0011987480873907163,-310.5239591669163,-2.7,0,1,0.2504703076071558,0.27312846799114304,39.132612243608946,0.8673877563910537,2.3502949869091396,226.09773662098655,8.198781235992453e-05,0.00023396986872501914
0.7393514670002332,-12.628451648850211,-18.966816358885694,0.011034400742861855,0.0011987480873907163,-10.628451648850211,0.0,0.0,0.0,2.0,18.966816358885694,-0.011034400742861855,-0.0011987480873907163,-308.36861266551404,-2.7,0,1,0.2507649870562876,0.27283378854201124,38.966816358885694,1.0331836411143058,2.37066145090852,227.94547636385786,8.262453436257533e-05,0.0002339771853618191
0.7453839800000424,-12.725803069321502,-19.01566102854794,0.010611391306092014,-0.0069283575898347995,-10.725803069321502,0.0,0.0,0.0,2.0,19.01566102854794,-0.010611391306092014,0.0069283575898347995,-309.0035933711232,-2.7,0,1,0.2511879964930574,0.2724107791052414,39.01566102854794,0.9843389714520612,2.3947915029077564,230.12120921556877,8.333142310541533e-05,0.00023412630647673557
0.7503313760007586,-12.851509297912223,-19.378064683103634,0.010212218325782061,-0.002398495409086154,-10.851509297912223,0.0,0.0,0.0,2.0,19.378064683103634,-0.010212218325782061,0.002398495409086154,-313.71484088034725,-2.7,0,1,0.25158716947336734,0.27201160612493147,39.37806468310363,0.6219353168963657,2.4145810869106215,231.94458377459904,8.386794600912028e-05,0.0002342592799126722
0.7552598260008381,-12.948076259217025,-19.376417301475712,0.009710803862316424,0.0029307542153240215,-10.948076259217025,0.0,0.0,0.0,2.0,19.376417301475712,-0.009710803862316424,-0.0029307542153240215,-313.6934249191843,-2.7,0,1,0.252088583936833,0.27151019166146584,39.37641730147571,0.623582698524288,2.4342948869109393,233.79510570746976,8.435731427051126e-05,0.00023429462207527258
0.7602593130013702,-13.03421955354863,-19.01905708706725,0.009662181250792632,-0.004796657740070729,-11.03421955354863,0.0,0.0,0.0,2.0,19.01905708706725,-0.009662181250792632,0.004796657740070729,-309.04774213187426,-2.7,0,1,0.25213720654835675,0.27146156904994206,39.01905708706725,0.9809429129327505,2.4542928349130677,235.6378418233455,8.482640978186204e-05,0.0002343736070849525
0.7652033009999286,-13.124680053963848,-18.85236471793514,0.009898294919313435,-0.005862507664952764,-11.124680053963848,0.0,0.0,0.0,2.0,18.85236471793514,-0.009898294919313435,0.005862507664952764,-306.8807413331568,-2.7,0,1,0.251901092879836,0.27169768271846284,38.85236471793514,1.1476352820648614,2.4740687869073015,237.4105981765971,8.529938625411506e-05,0.00023451544249083743
0.7712583890006499,-13.222142311965849,-18.98189368935501,0.009556195550322695,0.0010655168467804562,-11.222142311965849,0.0,0.0,0.0,2.0,18.98189368935501,-0.009556195550322695,-0.0010655168467804562,-308.56461796161517,-2.7,0,1,0.2522431922488267,0.27135558334947213,38.98189368935501,1.0181063106449884,2.4982891389101867,239.57748390763084,8.587249160105547e-05,0.0002346229333887201
0.77620474700052,-13.322378390159514,-18.802770911881872,0.009699985163924387,-0.0005332580405425887,-11.322378390159514,0.0,0.0,0.0,2.0,18.802770911881872,-0.009699985163924387,0.0005332580405425887,-306.23602185446435,-2.7,0,1,0.252099402635225,0.2714993729630738,38.80277091188187,1.197229088118128,2.518074570909667,241.3429787678775,8.633104516766858e-05,0.00023462644453692822
0.7814282870003808,-13.423705340167672,-18.778807693818525,0.010670378947889567,-0.002664957890306659,-11.423705340167672,0.0,0.0,0.0,2.0,18.778807693818525,-0.010670378947889567,0.002664957890306659,-305.92450001964085,-2.7,0,1,0.2511290088512598,0.272469766747039,38.77880769381852,1.2211923061814751,2.5389687309091102,243.18737891053183,8.687415411788917e-05,0.00023464573602264692
0.7862596830000257,-13.53691191715987,-19.49308042494231,0.011361875456200182,-0.003064651612137424,-11.53691191715987,0.0,0.0,0.0,2.0,19.49308042494231,-0.011361875456200182,0.003064651612137424,-315.21004552425,-2.7,0,1,0.2504375123429492,0.2731612632553496,39.493080424942306,0.5069195750576903,2.5582943149076898,244.95717676571022,8.746104601625683e-05,0.0002346855807630159
0.7912599669998599,-13.628830761047364,-19.36724875036675,0.012152995436544096,-0.001332645484204119,-11.628830761047364,0.0,0.0,0.0,2.0,19.36724875036675,-0.012152995436544096,0.001332645484204119,-313.5742337547677,-2.7,0,1,0.2496463923626053,0.2739523832356935,39.36724875036675,0.6327512496332517,2.5782954509070266,246.84496025718948,8.815305409996775e-05,0.0002347135024326016
0.7962606020009844,-13.71999647508524,-19.107119121016026,0.011396274084677695,0.001331979328000961,-11.71999647508524,0.0,0.0,0.0,2.0,19.107119121016026,-0.011396274084677695,-0.001331979328000961,-310.19254857320834,-2.7,0,1,0.2504031137144717,0.2731956618838271,39.10711912101603,0.8928808789839735,2.5982979909115245,248.6956260754771,8.884706813144784e-05,0.00023472237884205642
0.8012609590005013,-13.811267041198478,-18.947837041828052,0.011685186248363628,-0.000666489281152849,-11.811267041198478,0.0,0.0,0.0,2.0,18.947837041828052,-0.011685186248363628,0.000666489281152849,-308.1218815437647,-2.7,0,1,0.2501142015507858,0.27348457404751303,38.94783704182805,1.052162958171948,2.6182994189095923,250.50601165177466,8.951316228879096e-05,0.00023472792518026644
0.8063136500004475,-13.903678282702566,-18.870990366885838,0.011983908612115755,-0.0034643453339681892,-11.903678282702566,0.0,0.0,0.0,2.0,18.870990366885838,-0.011983908612115755,0.0034643453339681892,-307.1228747695159,-2.7,0,1,0.24981547918703365,0.27378329641126514,38.870990366885835,1.129009633114162,2.638510182909377,252.31268925076358,9.022093729018074e-05,0.000234759367815021
0.8112570260000211,-14.005271802153851,-19.06169930104965,0.011249625964310254,0.004929222824477831,-12.005271802153851,0.0,0.0,0.0,2.0,19.06169930104965,-0.011249625964310254,-0.004929222824477831,-309.60209091364544,-2.7,0,1,0.2505497618348392,0.27304901376345964,39.06169930104965,0.93830069895035,2.6582836869076716,254.09097646802306,9.088870866436253e-05,0.00023484908743542923
0.8163268640000751,-14.09893932090133,-18.999557046248437,0.010100323486184387,0.0006658231249496911,-12.09893932090133,0.0,0.0,0.0,2.0,18.999557046248437,-0.010100323486184387,-0.0006658231249496911,-308.79424160122966,-2.7,0,1,0.251699064312965,0.2718997112853338,38.99955704624844,1.0004429537515627,2.6785630389078876,255.92709827186732,9.14681166689649e-05,0.00023491180274619542
0.8213270000014745,-14.203134318842176,-19.333839092384064,0.0096407763261053,0.005728610268139346,-12.203134318842176,0.0,0.0,0.0,2.0,19.333839092384064,-0.0096407763261053,-0.005728610268139346,-313.1399082009928,-2.7,0,1,0.2521586114730441,0.27144016412525473,39.33383909238407,0.6661609076159358,2.698563582913485,257.76409949246516,9.195553268319518e-05,0.0002349949557480137
0.8262615620005818,-14.295606470777724,-19.189148363699427,0.010166209656124428,0.002264598012272736,-12.295606470777724,0.0,0.0,0.0,2.0,19.189148363699427,-0.010166209656124428,-0.002264598012272736,-311.25892872809254,-2.7,0,1,0.251633178143025,0.2719655974552738,39.18914836369943,0.8108516363005727,2.718301830909914,259.5948731876839,9.243985102897887e-05,0.0002350885776625199
0.8312619750013255,-14.385612417800736,-18.945131125044412,0.009322895928965503,-0.0005332580405425887,-12.385612417800736,0.0,0.0,0.0,2.0,18.945131125044412,-0.009322895928965503,0.0005332580405425887,-308.08670462557734,-2.7,0,1,0.2524764918701839,0.2711222837281149,38.94513112504441,1.054868874955588,2.738303482912889,261.4128768633281,9.291556083762092e-05,0.00023510211070099603
0.8363934970002447,-14.477305662134057,-18.852724213297073,0.010051994065752266,-0.001066183002983614,-12.477305662134057,0.0,0.0,0.0,2.0,18.852724213297073,-0.010051994065752266,0.001066183002983614,-306.88541477286196,-2.7,0,1,0.25174739373339716,0.27185138186490165,38.85272421329707,1.1472757867029273,2.7588295709085657,263.24571079537395,9.339781864055656e-05,0.00023510575693046605
0.8412626340013958,-14.576575972366667,-19.00088772062803,0.011640920636626877,-0.006528663868004034,-12.576575972366667,0.0,0.0,0.0,2.0,19.00088772062803,-0.011640920636626877,0.006528663868004034,-308.8115403681644,-2.7,0,1,0.25015846716252255,0.27344030843577627,39.00088772062803,0.9991122793719711,2.77830611891317,264.9899791734499,9.397372462755417e-05,0.00023521229413033253
0.8472659440012649,-14.66623185359155,-18.850412306389195,0.010476556112895044,0.004662760343257311,-12.66623185359155,0.0,0.0,0.0,2.0,18.850412306389195,-0.010476556112895044,-0.004662760343257311,-306.85535998305954,-2.7,0,1,0.25132283168625436,0.27227594391204446,38.850412306389195,1.1495876936108047,2.8023193589126465,267.14028010357447,9.470993833193015e-05,0.0002354054950118091
0.8522656350014586,-14.7827878161525,-19.035749459664544,0.011653619022168035,-0.006128970146173269,-12.7827878161525,0.0,0.0,0.0,2.0,19.035749459664544,-0.011653619022168035,0.006128970146173269,-309.2647429756391,-2.7,0,1,0.25014576877698136,0.27345300682131746,39.035749459664544,0.9642505403354562,2.8223181229134213,268.9344137233636,9.532381305290268e-05,0.0002355537498717766
0.8572658440007217,-14.87659501066071,-18.942467897555822,0.010844009779524384,0.0010655168467804562,-12.87659501066071,0.0,0.0,0.0,2.0,18.942467897555822,-0.010844009779524384,-0.0010655168467804562,-308.0520826682257,-2.7,0,1,0.25095537801962503,0.2726433975786738,38.94246789755582,1.0575321024441777,2.842318958910474,270.7374312049311,9.595733799407563e-05,0.0002356505029188793
0.862209184000676,-14.966320437361144,-18.747177257388138,0.011048206768886931,0.0055953790275291015,-12.966320437361144,0.0,0.0,0.0,2.0,18.747177257388138,-0.011048206768886931,-0.0055953790275291015,-305.5133043460458,-2.7,0,1,0.2507511810302625,0.2728475945680363,38.74717725738814,1.2528227426118619,2.862092318910291,272.4929935126389,9.654968710826212e-05,0.00023573069277343106
0.867429058000198,-15.051648101304123,-18.49603287716904,0.012390457341446842,-0.005462813943121999,-13.051648101304123,0.0,0.0,0.0,2.0,18.49603287716904,-0.012390457341446842,0.005462813943121999,-302.2484274031975,-2.7,0,1,0.24940893045770257,0.27418984514059624,38.49603287716904,1.5039671228309608,2.882971814908379,274.3031411240878,9.726895000475792e-05,0.00023589029199381595
0.8722658610004146,-15.172987926502755,-19.4895030476574,0.01089288119638155,0.004129835380816301,-13.172987926502755,0.0,0.0,0.0,2.0,19.4895030476574,-0.01089288119638155,-0.004129835380816301,-315.1635396195462,-2.7,0,1,0.25090650660276786,0.27269226899553095,39.4895030476574,0.5104969523425993,2.9023190269092454,276.04909148293984,9.792718639899526e-05,0.00023600370988857407
0.8772662930005026,-15.264077354356543,-19.240302534645757,0.009541329433903503,0.009192622524005956,-13.264077354356543,0.0,0.0,0.0,2.0,19.240302534645757,-0.009541329433903503,-0.009192622524005956,-311.9239329503948,-2.7,0,1,0.2522580583652459,0.2713407172330529,39.24030253464576,0.7596974653542432,2.9223207549095975,277.92432841611986,9.845146126275126e-05,0.00023625763144835972
0.8822667060012463,-15.347210593843915,-18.793769617292707,0.0109687808787278,-0.008660363717768104,-13.347210593843915,0.0,0.0,0.0,2.0,18.793769617292707,-0.0109687808787278,0.008660363717768104,-306.1190050248052,-2.7,0,1,0.2508306069204216,0.27276816867787723,38.79376961729271,1.206230382707293,2.9423224069125724,279.7329653425915,9.897988271016595e-05,0.00023665642990793335
0.8872669709999172,-15.450015886504458,-19.123411927366927,0.010556705809548535,0.0018649042904419863,-13.450015886504458,0.0,0.0,0.0,2.0,19.123411927366927,-0.010556705809548535,-0.0018649042904419863,-310.40435505577005,-2.7,0,1,0.25124268198960087,0.27235609360869795,39.12341192736693,0.8765880726330728,2.962323466907256,281.53033724820534,9.955930889675956e-05,0.00023685263972579178
0.8932150410000759,-15.540473097123524,-18.880293797085592,0.009741497482553384,0.004396297862036806,-13.540473097123524,0.0,0.0,0.0,2.0,18.880293797085592,-0.009741497482553384,-0.004396297862036806,-307.2438193621127,-2.7,0,1,0.25205789031659603,0.2715408852817028,38.88029379708559,1.1197062029144078,2.9861157469078905,283.6780972272321,0.0001001729736898806,0.00023692046349481645
0.898263028000656,-15.641074113986944,-18.372251059117833,0.008465736634725827,-0.006661895108614279,-13.641074113986944,0.0,0.0,0.0,2.0,18.372251059117833,-0.008465736634725827,0.006661895108614279,-300.6392637685318,-2.7,0,1,0.2533336511644236,0.27026512443387524,38.37225105911783,1.6277489408821673,3.006307694910211,285.4297615959773,0.0001005933838534605,0.00023708126278280785
0.9032678660005331,-15.755456107918686,-19.186580267245905,0.007406573408035317,0.0035969104183752915,-13.755456107918686,0.0,0.0,0.0,2.0,19.186580267245905,-0.007406573408035317,-0.0035969104183752915,-311.22554347419674,-2.7,0,1,0.2543928143911141,0.2692059612071847,39.1865802672459,0.8134197327540953,3.0263270469097194,287.1956297766169,0.00010091000498595351,0.00023722469796401432
0.9082134649997897,-15.845677127733621,-19.029727889335156,0.008745031870024468,-0.001332645484204119,-13.845677127733621,0.0,0.0,0.0,2.0,19.029727889335156,-0.008745031870024468,0.001332645484204119,-309.186462561357,-2.7,0,1,0.25305435592912495,0.27054441966917386,39.029727889335156,0.970272110664844,3.046109442906746,289.00140497891147,0.00010123476494517121,0.00023726108201514056
0.9133661169998959,-15.933036831660742,-18.779968574834022,0.009685097045573002,-0.004929888980680989,-13.933036831660742,0.0,0.0,0.0,2.0,18.779968574834022,-0.009685097045573002,0.004929888980680989,-305.93959147284227,-2.7,0,1,0.2521142907535764,0.27148448484472243,38.77996857483402,1.2200314251659776,3.0667200509071706,290.8430085675792,0.00010167345320158149,0.00023732827195146173
0.9182104020001134,-16.037504908767723,-19.113678846711416,0.00914421831784143,0.004129835380816301,-14.037504908767723,0.0,0.0,0.0,2.0,19.113678846711416,-0.00914421831784143,-0.004129835380816301,-310.2778250072484,-2.7,0,1,0.25265516948130795,0.27094360611699086,39.113678846711416,0.8863211532885842,3.0860971909080406,292.5821551770953,0.00010210318447620106,0.0002374284501802997
0.9234068690002459,-16.130050855111243,-19.04489210856086,0.009020614444435242,0.005995072749359866,-14.130050855111243,0.0,0.0,0.0,2.0,19.04489210856086,-0.009020614444435242,-0.005995072749359866,-309.3835974112912,-2.7,0,1,0.25277877335471416,0.27082000224358466,39.04489210856086,0.9551078914391411,3.1068830589085707,294.4737747430158,0.00010253186237989137,0.00023756614729970746
0.928330968001319,-16.232614983300376,-19.226426422906922,0.00980844183909314,-0.0014658767248143792,-14.232614983300376,0.0,0.0,0.0,2.0,19.226426422906922,-0.00980844183909314,0.0014658767248143792,-311.74354349779,-2.7,0,1,0.2519909459600563,0.27160782963824254,39.226426422906925,0.7735735770930781,3.126579454912863,296.2768896576918,0.00010296906578409591,0.0002376599260064838
0.9332687700007227,-16.323968442763416,-19.101457012224333,0.009918586853736268,-0.005729276424342504,-14.323968442763416,0.0,0.0,0.0,2.0,19.101457012224333,-0.009918586853736268,0.005729276424342504,-310.11894115891636,-2.7,0,1,0.25188080094541315,0.27171797465288566,39.10145701222433,0.8985429877756665,3.146330662910478,298.09034961722136,0.00010344947416065604,0.0002377462718759132
0.9382692199997109,-16.4241331797459,-19.34649622416098,0.009846096280790416,0.0027975229747137613,-14.424133179745901,0.0,0.0,0.0,2.0,19.34649622416098,-0.009846096280790416,-0.0027975229747137613,-313.30445091409274,-2.7,0,1,0.251953291518359,0.2716454840799398,39.34649622416098,0.6535037758390203,3.1663324629064307,299.93839736653035,0.00010393782805131635,0.00023784790788016128
0.9432689850000315,-16.511226108802752,-18.909028304781344,0.008656091345536996,0.007593847636682911,-14.511226108802752,0.0,0.0,0.0,2.0,18.909028304781344,-0.008656091345536996,-0.007593847636682911,-307.61736796215746,-2.7,0,1,0.2531432964536124,0.27045547914468643,38.909028304781344,1.0909716952186557,3.186331522907713,301.76790704460745,0.0001043674916795864,0.00023801163182659264
0.9492685740005982,-16.60035913432319,-18.700859695164958,0.00858982532170642,-0.006128970146173269,-14.600359134323192,0.0,0.0,0.0,2.0,18.700859695164958,-0.00858982532170642,0.006128970146173269,-304.91117603714446,-2.7,0,1,0.253209562477443,0.27038921312085584,38.70085969516496,1.299140304835042,3.2103298789099797,303.8895822144104,0.00010481360016842277,0.00023829730464763635
0.9542626530001144,-16.720561419054015,-18.98293004420464,0.007942168246719988,-0.0034643453339681892,-14.720561419054015,0.0,0.0,0.0,2.0,18.98293004420464,-0.007942168246719988,0.0034643453339681892,-308.57809057466034,-2.7,0,1,0.2538572195524294,0.2697415560458694,38.982930044204636,1.0170699557953604,3.2303061949080445,305.6626645067975,0.00010515535282386856,0.00023842107281670316
0.959274788001494,-16.81531171742074,-19.24074808599341,0.007148193137991578,0.006394766471190616,-14.815311717420741,0.0,0.0,0.0,2.0,19.24074808599341,-0.007148193137991578,-0.006394766471190616,-311.9297251179143,-2.7,0,1,0.2546511946611578,0.268947580937141,39.24074808599341,0.7592519140065903,3.250354734913563,307.4934922180172,0.00010544148233294235,0.00023855363057252973
0.9644397370011575,-16.90902064393314,-18.854912897533985,0.007587337482072635,-0.0034643453339681892,-14.90902064393314,0.0,0.0,0.0,2.0,18.854912897533985,-0.007587337482072635,0.0034643453339681892,-306.9138676679418,-2.7,0,1,0.2542120503170768,0.26938672528122204,38.854912897533985,1.1450871024660145,3.271014530912217,309.3676304458913,0.00010572210525929965,0.0002386902298557026
0.9692692999997234,-17.018612304253743,-19.392988068720527,0.007195934499081049,-0.0015991079654246237,-15.018612304253743,0.0,0.0,0.0,2.0,19.392988068720527,-0.007195934499081049,0.0015991079654246237,-313.90884489336685,-2.7,0,1,0.25460345330006834,0.2689953222982305,39.39298806872053,0.6070119312794731,3.290332782906481,311.13427427145666,0.00010598615959599641,0.00023872538626081727
0.9742698790014401,-17.10915937922181,-19.192774423109995,0.007057852217020652,0.004929222824477831,-15.109159379221811,0.0,0.0,0.0,2.0,19.192774423109995,-0.007057852217020652,-0.004929222824477831,-311.30606750042995,-2.7,0,1,0.25474153558212875,0.26885724001617006,39.192774423109995,0.807225576890005,3.3103350989133475,312.9956162312623,0.00010624017588584502,0.00023879252999503057
0.980217876000097,-17.196388409419793,-18.86204791870357,0.00745747452700409,0.0018649042904419863,-15.196388409419793,0.0,0.0,0.0,2.0,18.86204791870357,-0.00745747452700409,-0.0018649042904419863,-307.0066229431464,-2.7,0,1,0.25434191327214534,0.2692568623261535,38.86204791870357,1.1379520812964294,3.334127086907975,315.1492058443131,0.00010655371623303787,0.00023887513311759954
0.9852689180006564,-17.30594972921295,-18.77252693617689,0.007959276264639277,-0.01039236984570141,-15.305949729212951,0.0,0.0,0.0,2.0,18.77252693617689,-0.007959276264639277,0.01039236984570141,-305.8428501702996,-2.7,0,1,0.25384011153451014,0.2697586640637887,38.77252693617689,1.2274730638231084,3.3543312549102127,316.9377409723216,0.0001068541623258866,0.00023915667622633526
0.9902715160005755,-17.41956590301604,-19.5293600592293,0.007857680765087542,0.00039936064372918614,-15.41956590301604,0.0,0.0,0.0,2.0,19.5293600592293,-0.007857680765087542,-0.00039936064372918614,-315.6816807699809,-2.7,0,1,0.2539417070340619,0.26965706856423693,39.529360059229305,0.47063994077069893,3.374341646909889,318.77320336299294,0.00010716705788613886,0.00023942721882709597
0.9952698360011709,-17.50955823136057,-19.252776873962027,0.008561966504296989,-0.003331114093357929,-15.509558231360572,0.0,0.0,0.0,2.0,19.252776873962027,-0.008561966504296989,0.003331114093357929,-312.08609936150634,-2.7,0,1,0.25323742129485244,0.2703613543034464,39.25277687396203,0.7472231260379729,3.3943349269122707,320.6527349325506,0.00010750457048739526,0.00023945534889728573
1.000270026999715,-17.597077503132905,-18.984374972656624,0.01058882322479081,-0.007328051311665564,-15.597077503132905,0.0,0.0,0.0,2.0,18.984374972656624,-0.01058882322479081,0.007328051311665564,-308.5968746445361,-2.7,0,1,0.2512105645743586,0.27238821102394023,38.984374972656624,1.0156250273433756,3.4143356909064466,322.4804945259203,0.00010796816431513445,0.00023961734672814275
1.005270143999951,-17.69644100569818,-19.15337801524279,0.010454702875865479,0.003330447937154771,-15.69644100569818,0.0,0.0,0.0,2.0,19.15337801524279,-0.010454702875865479,-0.003330447937154771,-310.79391419815624,-2.7,0,1,0.25134468492328393,0.2722540906750149,39.153378015242794,0.8466219847572098,3.434336158907391,324.2986830268645,0.00010852173724223522,0.0002397793310672165
1.010265631000948,-17.784784563940846,-18.77130859252352,0.00839756395176592,0.0050624540650880765,-15.784784563940846,0.0,0.0,0.0,2.0,18.77130859252352,-0.00839756395176592,-0.0050624540650880765,-305.82701170280575,-2.7,0,1,0.25340182384738347,0.27019695175091535,38.771308592523525,1.2286914074764788,3.4543181069113786,326.09509491019867,0.00010897088121010389,0.00023987104901938036
1.0152799140014395,-17.89253133701142,-19.367168175982577,0.009563426821073497,-0.003197882852747684,-15.89253133701142,0.0,0.0,0.0,2.0,19.367168175982577,-0.009563426821073497,0.003197882852747684,-313.5731862877735,-2.7,0,1,0.25223596097807593,0.2713628146202229,39.36716817598258,0.6328318240174227,3.474375238913345,327.9189130626308,0.00010937698350976609,0.0002399609423168808
1.0202708640008495,-17.992627662781324,-19.512076739353745,0.010038716456923008,-0.01039236984570141,-15.992627662781324,0.0,0.0,0.0,2.0,19.512076739353745,-0.010038716456923008,0.01039236984570141,-315.4569976115987,-2.7,0,1,0.2517606713422264,0.2718381042560724,39.512076739353745,0.48792326064625513,3.494339038910985,329.8050138842591,0.0001098567010481737,0.00024025597685039927
1.0252711290013394,-18.082790247469767,-19.137039396446575,0.007792405674173778,0.006527997711800876,-16.082790247469767,0.0,0.0,0.0,2.0,19.137039396446575,-0.007792405674173778,-0.006527997711800876,-310.5815121538055,-2.7,0,1,0.25400698212497563,0.2695917934733232,39.137039396446575,0.8629606035534252,3.5143400989129447,331.67248139383355,0.00011026046598235413,0.0002406325370699079
1.0302276170004916,-18.17517065461847,-18.975047817079435,0.006971476802399742,0.001998135531052231,-16.17517065461847,0.0,0.0,0.0,2.0,18.975047817079435,-0.006971476802399742,-0.001998135531052231,-308.47562162203263,-2.7,0,1,0.2548279109967497,0.26877086460154914,38.975047817079435,1.0249521829205648,3.5341660509095534,333.472377265073,0.00011053139523698138,0.00024074804133078964
1.0353659909997077,-18.264394616088367,-18.808704137574356,0.007964760420024712,-0.003331114093357929,-16.264394616088367,0.0,0.0,0.0,2.0,18.808704137574356,-0.007964760420024712,0.003331114093357929,-306.31315378846665,-2.7,0,1,0.2538346273791247,0.2697641482191741,38.80870413757435,1.191295862425644,3.554719546906418,335.306313792161,0.00011081924411551574,0.00024078680745096288
1.0402677390011377,-18.36357600201793,-19.299665183020412,0.008779747100752931,0.002531060493493256,-16.36357600201793,0.0,0.0,0.0,2.0,19.299665183020412,-0.008779747100752931,-0.002531060493493256,-312.6956473792654,-2.7,0,1,0.2530196406983965,0.2705791348999023,39.29966518302041,0.7003348169795878,3.5743265389121377,337.08624737771305,0.00011116364428216042,0.00024082970408963308
1.0452723739999783,-18.45603425284886,-19.134309066958597,0.008168595944480356,0.007727078877293156,-16.45603425284886,0.0,0.0,0.0,2.0,19.134309066958597,-0.008168595944480356,-0.007727078877293156,-310.54601787046175,-2.7,0,1,0.2536307918546691,0.26996798374362974,39.13430906695859,0.8656909330414031,3.5943450789075,338.9344562292586,0.00011152350235870742,0.00024099514234681904
1.0512748880009894,-18.563277350430766,-19.314828443559932,0.008495901113051174,-0.0022652641684758937,-16.563277350430766,0.0,0.0,0.0,2.0,19.314828443559932,-0.008495901113051174,0.0022652641684758937,-312.8927697662791,-2.7,0,1,0.25330348668609826,0.27029528891220056,39.31482844355993,0.6851715564400678,3.618355134911545,341.15293852822174,0.00011194039585027177,0.00024118974135887484
1.0562225049998233,-18.67189093841782,-19.01323272835871,0.008507327668149151,0.011324322373770027,-16.67189093841782,0.0,0.0,0.0,2.0,19.01323272835871,-0.008507327668149151,-0.011324322373770027,-308.9720254686632,-2.7,0,1,0.25329206013100025,0.27030671546729856,39.01323272835871,0.9867672716412912,3.63814560290688,342.9701131939138,0.0001122979971383985,0.00024151967740138842
1.0613571390003926,-18.761160980768498,-18.82234528115146,0.008783413810296873,0.007194153914852146,-16.761160980768498,0.0,0.0,0.0,2.0,18.82234528115146,-0.008783413810296873,-0.007194153914852146,-306.490488654969,-2.7,0,1,0.25301597398885256,0.27058280160944626,38.822345281151456,1.1776547188485402,3.6586841389091576,344.8077568571593,0.00011268187003257534,0.00024198178452021225
